filename,xmin,ymin,xmax,ymax,class
/home/saeid/MP/Project/FracAtlas/all_images/IMG0003294.jpg,180.0,173.0,216.0,204.0,fractured
/home/saeid/MP/Project/FracAtlas/all_images/IMG0001710.jpg,119.0,145.0,155.0,176.0,fractured
/home/saeid/MP/Project/FracAtlas/all_images/IMG0002316.jpg,1466.0,1332.0,1566.0,1469.0,fractured
/home/saeid/MP/Project/FracAtlas/all_images/IMG0002848.jpg,196.0,207.0,236.0,228.0,fractured
/home/saeid/MP/Project/FracAtlas/all_images/IMG0001440.jpg,142.0,201.0,171.0,220.0,fractured
/home/saeid/MP/Project/FracAtlas/all_images/IMG0002334.jpg,1618.0,1012.0,1892.0,1213.0,fractured
/home/saeid/MP/Project/FracAtlas/all_images/IMG0002731.jpg,224.0,204.0,241.0,235.0,fractured
/home/saeid/MP/Project/FracAtlas/all_images/IMG0002833.jpg,217.0,143.0,233.0,173.0,fractured
/home/saeid/MP/Project/FracAtlas/all_images/IMG0000758.jpg,233.0,112.0,282.0,154.0,fractured
/home/saeid/MP/Project/FracAtlas/all_images/IMG0002576.jpg,72.0,175.0,105.0,200.0,fractured
/home/saeid/MP/Project/FracAtlas/all_images/IMG0002576.jpg,274.0,177.0,309.0,202.0,fractured
/home/saeid/MP/Project/FracAtlas/all_images/IMG0001200.jpg,182.0,207.0,204.0,219.0,fractured
/home/saeid/MP/Project/FracAtlas/all_images/IMG0002225.jpg,285.0,191.0,314.0,211.0,fractured
/home/saeid/MP/Project/FracAtlas/all_images/IMG0002225.jpg,85.0,220.0,110.0,246.0,fractured
/home/saeid/MP/Project/FracAtlas/all_images/IMG0002521.jpg,155.0,144.0,177.0,171.0,fractured
/home/saeid/MP/Project/FracAtlas/all_images/IMG0002521.jpg,165.0,167.0,192.0,222.0,fractured
/home/saeid/MP/Project/FracAtlas/all_images/IMG0002085.jpg,156.0,221.0,168.0,245.0,fractured
/home/saeid/MP/Project/FracAtlas/all_images/IMG0002577.jpg,64.0,136.0,99.0,155.0,fractured
/home/saeid/MP/Project/FracAtlas/all_images/IMG0002577.jpg,301.0,247.0,337.0,262.0,fractured
/home/saeid/MP/Project/FracAtlas/all_images/IMG0002791.jpg,189.0,194.0,214.0,272.0,fractured
/home/saeid/MP/Project/FracAtlas/all_images/IMG0002646.jpg,226.0,143.0,252.0,184.0,fractured
/home/saeid/MP/Project/FracAtlas/all_images/IMG0002413.jpg,135.0,144.0,161.0,171.0,fractured
/home/saeid/MP/Project/FracAtlas/all_images/IMG0002413.jpg,167.0,150.0,180.0,165.0,fractured
/home/saeid/MP/Project/FracAtlas/all_images/IMG0002500.jpg,110.0,213.0,128.0,231.0,fractured
/home/saeid/MP/Project/FracAtlas/all_images/IMG0002478.jpg,126.0,150.0,155.0,176.0,fractured
/home/saeid/MP/Project/FracAtlas/all_images/IMG0002338.jpg,437.0,840.0,877.0,1384.0,fractured
/home/saeid/MP/Project/FracAtlas/all_images/IMG0000025.jpg,1466.0,2010.0,1621.0,2163.0,fractured
/home/saeid/MP/Project/FracAtlas/all_images/IMG0000307.jpg,76.0,215.0,104.0,241.0,fractured
/home/saeid/MP/Project/FracAtlas/all_images/IMG0000307.jpg,283.0,221.0,309.0,237.0,fractured
/home/saeid/MP/Project/FracAtlas/all_images/IMG0000307.jpg,248.0,321.0,259.0,338.0,fractured
/home/saeid/MP/Project/FracAtlas/all_images/IMG0001199.jpg,186.0,129.0,220.0,161.0,fractured
/home/saeid/MP/Project/FracAtlas/all_images/IMG0002482.jpg,225.0,241.0,243.0,259.0,fractured
/home/saeid/MP/Project/FracAtlas/all_images/IMG0002390.jpg,186.0,159.0,268.0,240.0,fractured
/home/saeid/MP/Project/FracAtlas/all_images/IMG0002395.jpg,102.0,163.0,115.0,180.0,fractured
/home/saeid/MP/Project/FracAtlas/all_images/IMG0002395.jpg,350.0,153.0,365.0,171.0,fractured
/home/saeid/MP/Project/FracAtlas/all_images/IMG0002395.jpg,375.0,146.0,386.0,163.0,fractured
/home/saeid/MP/Project/FracAtlas/all_images/IMG0002395.jpg,117.0,161.0,131.0,176.0,fractured
/home/saeid/MP/Project/FracAtlas/all_images/IMG0000057.jpg,1130.0,1119.0,1270.0,1218.0,fractured
/home/saeid/MP/Project/FracAtlas/all_images/IMG0002472.jpg,180.0,243.0,222.0,301.0,fractured
/home/saeid/MP/Project/FracAtlas/all_images/IMG0002436.jpg,196.0,21.0,206.0,58.0,fractured
/home/saeid/MP/Project/FracAtlas/all_images/IMG0000206.jpg,759.0,993.0,1123.0,1254.0,fractured
/home/saeid/MP/Project/FracAtlas/all_images/IMG0002371.jpg,1076.0,2539.0,1284.0,2723.0,fractured
/home/saeid/MP/Project/FracAtlas/all_images/IMG0002371.jpg,1277.0,2513.0,1409.0,2685.0,fractured
/home/saeid/MP/Project/FracAtlas/all_images/IMG0002732.jpg,226.0,218.0,245.0,244.0,fractured
/home/saeid/MP/Project/FracAtlas/all_images/IMG0001939.jpg,137.0,197.0,157.0,219.0,fractured
/home/saeid/MP/Project/FracAtlas/all_images/IMG0003233.jpg,216.0,177.0,255.0,198.0,fractured
/home/saeid/MP/Project/FracAtlas/all_images/IMG0000144.jpg,1686.0,629.0,1841.0,831.0,fractured
/home/saeid/MP/Project/FracAtlas/all_images/IMG0002568.jpg,179.0,320.0,198.0,343.0,fractured
/home/saeid/MP/Project/FracAtlas/all_images/IMG0002568.jpg,185.0,114.0,202.0,131.0,fractured
/home/saeid/MP/Project/FracAtlas/all_images/IMG0002562.jpg,262.0,140.0,298.0,171.0,fractured
/home/saeid/MP/Project/FracAtlas/all_images/IMG0002562.jpg,79.0,45.0,110.0,61.0,fractured
/home/saeid/MP/Project/FracAtlas/all_images/IMG0002313.jpg,1232.0,1152.0,1511.0,1405.0,fractured
/home/saeid/MP/Project/FracAtlas/all_images/IMG0002400.jpg,114.0,204.0,174.0,293.0,fractured
/home/saeid/MP/Project/FracAtlas/all_images/IMG0002340.jpg,0.0,1045.0,382.0,1578.0,fractured
/home/saeid/MP/Project/FracAtlas/all_images/IMG0002566.jpg,79.0,118.0,106.0,145.0,fractured
/home/saeid/MP/Project/FracAtlas/all_images/IMG0002566.jpg,335.0,132.0,357.0,161.0,fractured
/home/saeid/MP/Project/FracAtlas/all_images/IMG0002505.jpg,75.0,193.0,102.0,209.0,fractured
/home/saeid/MP/Project/FracAtlas/all_images/IMG0002505.jpg,264.0,183.0,284.0,195.0,fractured
/home/saeid/MP/Project/FracAtlas/all_images/IMG0002546.jpg,80.0,319.0,96.0,348.0,fractured
/home/saeid/MP/Project/FracAtlas/all_images/IMG0000142.jpg,1130.0,1359.0,1294.0,1544.0,fractured
/home/saeid/MP/Project/FracAtlas/all_images/IMG0003035.jpg,47.0,173.0,66.0,190.0,fractured
/home/saeid/MP/Project/FracAtlas/all_images/IMG0001971.jpg,184.0,104.0,212.0,215.0,fractured
/home/saeid/MP/Project/FracAtlas/all_images/IMG0001780.jpg,241.0,243.0,258.0,271.0,fractured
/home/saeid/MP/Project/FracAtlas/all_images/IMG0001780.jpg,257.0,232.0,274.0,254.0,fractured
/home/saeid/MP/Project/FracAtlas/all_images/IMG0002598.jpg,91.0,164.0,109.0,223.0,fractured
/home/saeid/MP/Project/FracAtlas/all_images/IMG0002598.jpg,273.0,189.0,292.0,220.0,fractured
/home/saeid/MP/Project/FracAtlas/all_images/IMG0003182.jpg,147.0,107.0,198.0,218.0,fractured
/home/saeid/MP/Project/FracAtlas/all_images/IMG0000762.jpg,204.0,118.0,235.0,140.0,fractured
/home/saeid/MP/Project/FracAtlas/all_images/IMG0002509.jpg,121.0,279.0,153.0,309.0,fractured
/home/saeid/MP/Project/FracAtlas/all_images/IMG0002370.jpg,356.0,1656.0,929.0,2236.0,fractured
/home/saeid/MP/Project/FracAtlas/all_images/IMG0002537.jpg,45.0,246.0,76.0,294.0,fractured
/home/saeid/MP/Project/FracAtlas/all_images/IMG0002537.jpg,71.0,200.0,119.0,239.0,fractured
/home/saeid/MP/Project/FracAtlas/all_images/IMG0002537.jpg,227.0,200.0,290.0,244.0,fractured
/home/saeid/MP/Project/FracAtlas/all_images/IMG0001073.jpg,98.0,197.0,133.0,218.0,fractured
/home/saeid/MP/Project/FracAtlas/all_images/IMG0001073.jpg,290.0,198.0,320.0,221.0,fractured
/home/saeid/MP/Project/FracAtlas/all_images/IMG0002373.jpg,1109.0,2387.0,1296.0,2657.0,fractured
/home/saeid/MP/Project/FracAtlas/all_images/IMG0002373.jpg,1298.0,2394.0,1426.0,2586.0,fractured
/home/saeid/MP/Project/FracAtlas/all_images/IMG0002533.jpg,183.0,218.0,207.0,239.0,fractured
/home/saeid/MP/Project/FracAtlas/all_images/IMG0001361.jpg,276.0,143.0,330.0,190.0,fractured
/home/saeid/MP/Project/FracAtlas/all_images/IMG0000671.jpg,35.0,307.0,53.0,321.0,fractured
/home/saeid/MP/Project/FracAtlas/all_images/IMG0000671.jpg,281.0,310.0,298.0,323.0,fractured
/home/saeid/MP/Project/FracAtlas/all_images/IMG0002516.jpg,191.0,135.0,248.0,161.0,fractured
/home/saeid/MP/Project/FracAtlas/all_images/IMG0001367.jpg,306.0,155.0,365.0,206.0,fractured
/home/saeid/MP/Project/FracAtlas/all_images/IMG0002376.jpg,1353.0,1344.0,1421.0,1433.0,fractured
/home/saeid/MP/Project/FracAtlas/all_images/IMG0001948.jpg,150.0,70.0,175.0,98.0,fractured
/home/saeid/MP/Project/FracAtlas/all_images/IMG0002454.jpg,197.0,221.0,246.0,295.0,fractured
/home/saeid/MP/Project/FracAtlas/all_images/IMG0002454.jpg,206.0,156.0,238.0,220.0,fractured
/home/saeid/MP/Project/FracAtlas/all_images/IMG0000044.jpg,1426.0,1072.0,1570.0,1188.0,fractured
/home/saeid/MP/Project/FracAtlas/all_images/IMG0002422.jpg,99.0,179.0,116.0,202.0,fractured
/home/saeid/MP/Project/FracAtlas/all_images/IMG0002422.jpg,105.0,205.0,123.0,227.0,fractured
/home/saeid/MP/Project/FracAtlas/all_images/IMG0002422.jpg,296.0,174.0,312.0,201.0,fractured
/home/saeid/MP/Project/FracAtlas/all_images/IMG0002422.jpg,304.0,201.0,319.0,225.0,fractured
/home/saeid/MP/Project/FracAtlas/all_images/IMG0002502.jpg,98.0,137.0,116.0,160.0,fractured
/home/saeid/MP/Project/FracAtlas/all_images/IMG0001151.jpg,219.0,119.0,253.0,138.0,fractured
/home/saeid/MP/Project/FracAtlas/all_images/IMG0002460.jpg,63.0,316.0,86.0,347.0,fractured
/home/saeid/MP/Project/FracAtlas/all_images/IMG0002123.jpg,230.0,214.0,261.0,237.0,fractured
/home/saeid/MP/Project/FracAtlas/all_images/IMG0002456.jpg,183.0,194.0,200.0,213.0,fractured
/home/saeid/MP/Project/FracAtlas/all_images/IMG0002610.jpg,223.0,140.0,246.0,189.0,fractured
/home/saeid/MP/Project/FracAtlas/all_images/IMG0002519.jpg,133.0,160.0,161.0,211.0,fractured
/home/saeid/MP/Project/FracAtlas/all_images/IMG0002525.jpg,187.0,155.0,210.0,198.0,fractured
/home/saeid/MP/Project/FracAtlas/all_images/IMG0002386.jpg,282.0,0.0,311.0,19.0,fractured
/home/saeid/MP/Project/FracAtlas/all_images/IMG0002314.jpg,701.0,1168.0,959.0,1434.0,fractured
/home/saeid/MP/Project/FracAtlas/all_images/IMG0002312.jpg,1050.0,951.0,1251.0,1121.0,fractured
/home/saeid/MP/Project/FracAtlas/all_images/IMG0002809.jpg,193.0,202.0,228.0,233.0,fractured
/home/saeid/MP/Project/FracAtlas/all_images/IMG0002421.jpg,80.0,207.0,100.0,223.0,fractured
/home/saeid/MP/Project/FracAtlas/all_images/IMG0002421.jpg,247.0,186.0,257.0,201.0,fractured
/home/saeid/MP/Project/FracAtlas/all_images/IMG0002421.jpg,257.0,188.0,270.0,204.0,fractured
/home/saeid/MP/Project/FracAtlas/all_images/IMG0002518.jpg,191.0,130.0,249.0,155.0,fractured
/home/saeid/MP/Project/FracAtlas/all_images/IMG0002425.jpg,94.0,173.0,110.0,186.0,fractured
/home/saeid/MP/Project/FracAtlas/all_images/IMG0002425.jpg,289.0,130.0,312.0,142.0,fractured
/home/saeid/MP/Project/FracAtlas/all_images/IMG0001867.jpg,157.0,217.0,202.0,314.0,fractured
/home/saeid/MP/Project/FracAtlas/all_images/IMG0001867.jpg,194.0,271.0,207.0,314.0,fractured
/home/saeid/MP/Project/FracAtlas/all_images/IMG0002487.jpg,240.0,136.0,260.0,149.0,fractured
/home/saeid/MP/Project/FracAtlas/all_images/IMG0001366.jpg,124.0,128.0,182.0,185.0,fractured
/home/saeid/MP/Project/FracAtlas/all_images/IMG0002550.jpg,91.0,45.0,146.0,117.0,fractured
/home/saeid/MP/Project/FracAtlas/all_images/IMG0000599.jpg,281.0,139.0,315.0,170.0,fractured
/home/saeid/MP/Project/FracAtlas/all_images/IMG0002609.jpg,230.0,113.0,247.0,166.0,fractured
/home/saeid/MP/Project/FracAtlas/all_images/IMG0002609.jpg,243.0,125.0,270.0,168.0,fractured
/home/saeid/MP/Project/FracAtlas/all_images/IMG0000188.jpg,985.0,1995.0,1080.0,2083.0,fractured
/home/saeid/MP/Project/FracAtlas/all_images/IMG0002362.jpg,882.0,1916.0,1066.0,2016.0,fractured
/home/saeid/MP/Project/FracAtlas/all_images/IMG0002337.jpg,0.0,1046.0,378.0,1611.0,fractured
/home/saeid/MP/Project/FracAtlas/all_images/IMG0002448.jpg,99.0,228.0,174.0,290.0,fractured
/home/saeid/MP/Project/FracAtlas/all_images/IMG0000319.jpg,271.0,111.0,303.0,135.0,fractured
/home/saeid/MP/Project/FracAtlas/all_images/IMG0002335.jpg,1670.0,1138.0,1899.0,1346.0,fractured
/home/saeid/MP/Project/FracAtlas/all_images/IMG0002306.jpg,1163.0,1124.0,1433.0,1412.0,fractured
/home/saeid/MP/Project/FracAtlas/all_images/IMG0002480.jpg,168.0,112.0,203.0,131.0,fractured
/home/saeid/MP/Project/FracAtlas/all_images/IMG0003199.jpg,251.0,166.0,261.0,179.0,fractured
/home/saeid/MP/Project/FracAtlas/all_images/IMG0003199.jpg,261.0,173.0,270.0,186.0,fractured
/home/saeid/MP/Project/FracAtlas/all_images/IMG0003094.jpg,176.0,176.0,205.0,200.0,fractured
/home/saeid/MP/Project/FracAtlas/all_images/IMG0002488.jpg,168.0,195.0,186.0,213.0,fractured
/home/saeid/MP/Project/FracAtlas/all_images/IMG0002810.jpg,201.0,220.0,224.0,246.0,fractured
/home/saeid/MP/Project/FracAtlas/all_images/IMG0002627.jpg,245.0,74.0,280.0,104.0,fractured
/home/saeid/MP/Project/FracAtlas/all_images/IMG0000750.jpg,134.0,156.0,168.0,188.0,fractured
/home/saeid/MP/Project/FracAtlas/all_images/IMG0002523.jpg,195.0,231.0,241.0,264.0,fractured
/home/saeid/MP/Project/FracAtlas/all_images/IMG0002523.jpg,219.0,277.0,254.0,302.0,fractured
/home/saeid/MP/Project/FracAtlas/all_images/IMG0003101.jpg,182.0,181.0,226.0,210.0,fractured
/home/saeid/MP/Project/FracAtlas/all_images/IMG0002531.jpg,120.0,183.0,150.0,206.0,fractured
/home/saeid/MP/Project/FracAtlas/all_images/IMG0003183.jpg,130.0,175.0,189.0,327.0,fractured
/home/saeid/MP/Project/FracAtlas/all_images/IMG0000471.jpg,148.0,155.0,175.0,205.0,fractured
/home/saeid/MP/Project/FracAtlas/all_images/IMG0002599.jpg,102.0,183.0,124.0,207.0,fractured
/home/saeid/MP/Project/FracAtlas/all_images/IMG0002599.jpg,331.0,189.0,349.0,218.0,fractured
/home/saeid/MP/Project/FracAtlas/all_images/IMG0002904.jpg,181.0,64.0,210.0,120.0,fractured
/home/saeid/MP/Project/FracAtlas/all_images/IMG0002558.jpg,139.0,231.0,162.0,259.0,fractured
/home/saeid/MP/Project/FracAtlas/all_images/IMG0003219.jpg,134.0,208.0,191.0,253.0,fractured
/home/saeid/MP/Project/FracAtlas/all_images/IMG0003219.jpg,179.0,291.0,210.0,325.0,fractured
/home/saeid/MP/Project/FracAtlas/all_images/IMG0002935.jpg,242.0,194.0,273.0,221.0,fractured
/home/saeid/MP/Project/FracAtlas/all_images/IMG0002745.jpg,156.0,97.0,173.0,117.0,fractured
/home/saeid/MP/Project/FracAtlas/all_images/IMG0002745.jpg,151.0,257.0,178.0,274.0,fractured
/home/saeid/MP/Project/FracAtlas/all_images/IMG0002499.jpg,127.0,127.0,147.0,154.0,fractured
/home/saeid/MP/Project/FracAtlas/all_images/IMG0000822.jpg,267.0,244.0,308.0,283.0,fractured
/home/saeid/MP/Project/FracAtlas/all_images/IMG0002534.jpg,171.0,242.0,201.0,267.0,fractured
/home/saeid/MP/Project/FracAtlas/all_images/IMG0002998.jpg,191.0,34.0,201.0,51.0,fractured
/home/saeid/MP/Project/FracAtlas/all_images/IMG0002322.jpg,1151.0,1495.0,1296.0,1869.0,fractured
/home/saeid/MP/Project/FracAtlas/all_images/IMG0002329.jpg,1144.0,1109.0,1211.0,1183.0,fractured
/home/saeid/MP/Project/FracAtlas/all_images/IMG0002329.jpg,1199.0,1048.0,1305.0,1176.0,fractured
/home/saeid/MP/Project/FracAtlas/all_images/IMG0000100.jpg,683.0,1038.0,834.0,1178.0,fractured
/home/saeid/MP/Project/FracAtlas/all_images/IMG0001738.jpg,113.0,122.0,129.0,148.0,fractured
/home/saeid/MP/Project/FracAtlas/all_images/IMG0002406.jpg,253.0,164.0,267.0,184.0,fractured
/home/saeid/MP/Project/FracAtlas/all_images/IMG0002389.jpg,258.0,259.0,339.0,308.0,fractured
/home/saeid/MP/Project/FracAtlas/all_images/IMG0003266.jpg,144.0,198.0,167.0,222.0,fractured
/home/saeid/MP/Project/FracAtlas/all_images/IMG0002945.jpg,164.0,315.0,189.0,347.0,fractured
/home/saeid/MP/Project/FracAtlas/all_images/IMG0002528.jpg,189.0,188.0,218.0,238.0,fractured
/home/saeid/MP/Project/FracAtlas/all_images/IMG0002445.jpg,248.0,132.0,271.0,150.0,fractured
/home/saeid/MP/Project/FracAtlas/all_images/IMG0002445.jpg,268.0,167.0,287.0,197.0,fractured
/home/saeid/MP/Project/FracAtlas/all_images/IMG0000143.jpg,1627.0,758.0,1788.0,931.0,fractured
/home/saeid/MP/Project/FracAtlas/all_images/IMG0002563.jpg,287.0,141.0,325.0,156.0,fractured
/home/saeid/MP/Project/FracAtlas/all_images/IMG0002563.jpg,91.0,297.0,122.0,316.0,fractured
/home/saeid/MP/Project/FracAtlas/all_images/IMG0000801.jpg,211.0,108.0,244.0,136.0,fractured
/home/saeid/MP/Project/FracAtlas/all_images/IMG0001360.jpg,175.0,133.0,214.0,164.0,fractured
/home/saeid/MP/Project/FracAtlas/all_images/IMG0002348.jpg,960.0,1185.0,1028.0,1446.0,fractured
/home/saeid/MP/Project/FracAtlas/all_images/IMG0001546.jpg,259.0,76.0,271.0,92.0,fractured
/home/saeid/MP/Project/FracAtlas/all_images/IMG0002346.jpg,1092.0,2182.0,1331.0,2849.0,fractured
/home/saeid/MP/Project/FracAtlas/all_images/IMG0002886.jpg,172.0,115.0,205.0,182.0,fractured
/home/saeid/MP/Project/FracAtlas/all_images/IMG0002790.jpg,179.0,228.0,189.0,269.0,fractured
/home/saeid/MP/Project/FracAtlas/all_images/IMG0002790.jpg,198.0,170.0,217.0,271.0,fractured
/home/saeid/MP/Project/FracAtlas/all_images/IMG0002790.jpg,216.0,218.0,225.0,273.0,fractured
/home/saeid/MP/Project/FracAtlas/all_images/IMG0002503.jpg,107.0,282.0,136.0,325.0,fractured
/home/saeid/MP/Project/FracAtlas/all_images/IMG0002434.jpg,156.0,188.0,223.0,235.0,fractured
/home/saeid/MP/Project/FracAtlas/all_images/IMG0002551.jpg,216.0,126.0,229.0,142.0,fractured
/home/saeid/MP/Project/FracAtlas/all_images/IMG0002551.jpg,233.0,132.0,244.0,143.0,fractured
/home/saeid/MP/Project/FracAtlas/all_images/IMG0003201.jpg,233.0,183.0,267.0,238.0,fractured
/home/saeid/MP/Project/FracAtlas/all_images/IMG0002471.jpg,173.0,346.0,189.0,370.0,fractured
/home/saeid/MP/Project/FracAtlas/all_images/IMG0002471.jpg,183.0,295.0,222.0,345.0,fractured
/home/saeid/MP/Project/FracAtlas/all_images/IMG0002471.jpg,166.0,398.0,192.0,422.0,fractured
/home/saeid/MP/Project/FracAtlas/all_images/IMG0002412.jpg,55.0,212.0,90.0,244.0,fractured
/home/saeid/MP/Project/FracAtlas/all_images/IMG0002412.jpg,266.0,199.0,304.0,230.0,fractured
/home/saeid/MP/Project/FracAtlas/all_images/IMG0002613.jpg,140.0,174.0,186.0,270.0,fractured
/home/saeid/MP/Project/FracAtlas/all_images/IMG0002613.jpg,179.0,235.0,190.0,278.0,fractured
/home/saeid/MP/Project/FracAtlas/all_images/IMG0002392.jpg,45.0,183.0,70.0,209.0,fractured
/home/saeid/MP/Project/FracAtlas/all_images/IMG0002392.jpg,281.0,175.0,305.0,201.0,fractured
/home/saeid/MP/Project/FracAtlas/all_images/IMG0001869.jpg,167.0,197.0,201.0,298.0,fractured
/home/saeid/MP/Project/FracAtlas/all_images/IMG0001869.jpg,212.0,269.0,220.0,318.0,fractured
/home/saeid/MP/Project/FracAtlas/all_images/IMG0002106.jpg,200.0,97.0,239.0,128.0,fractured
/home/saeid/MP/Project/FracAtlas/all_images/IMG0002318.jpg,1244.0,1469.0,1350.0,1656.0,fractured
/home/saeid/MP/Project/FracAtlas/all_images/IMG0002318.jpg,1296.0,1419.0,1428.0,1547.0,fractured
/home/saeid/MP/Project/FracAtlas/all_images/IMG0002393.jpg,106.0,243.0,138.0,261.0,fractured
/home/saeid/MP/Project/FracAtlas/all_images/IMG0002393.jpg,282.0,231.0,320.0,249.0,fractured
/home/saeid/MP/Project/FracAtlas/all_images/IMG0002409.jpg,205.0,278.0,227.0,295.0,fractured
/home/saeid/MP/Project/FracAtlas/all_images/IMG0002443.jpg,208.0,243.0,229.0,293.0,fractured
/home/saeid/MP/Project/FracAtlas/all_images/IMG0002443.jpg,226.0,208.0,260.0,264.0,fractured
/home/saeid/MP/Project/FracAtlas/all_images/IMG0002443.jpg,222.0,139.0,237.0,185.0,fractured
/home/saeid/MP/Project/FracAtlas/all_images/IMG0003200.jpg,187.0,194.0,201.0,211.0,fractured
/home/saeid/MP/Project/FracAtlas/all_images/IMG0001363.jpg,252.0,80.0,299.0,123.0,fractured
/home/saeid/MP/Project/FracAtlas/all_images/IMG0002653.jpg,137.0,109.0,184.0,172.0,fractured
/home/saeid/MP/Project/FracAtlas/all_images/IMG0002399.jpg,224.0,276.0,280.0,364.0,fractured
/home/saeid/MP/Project/FracAtlas/all_images/IMG0002450.jpg,116.0,156.0,168.0,192.0,fractured
/home/saeid/MP/Project/FracAtlas/all_images/IMG0002467.jpg,70.0,158.0,89.0,182.0,fractured
/home/saeid/MP/Project/FracAtlas/all_images/IMG0002467.jpg,270.0,137.0,289.0,150.0,fractured
/home/saeid/MP/Project/FracAtlas/all_images/IMG0002495.jpg,158.0,190.0,169.0,205.0,fractured
/home/saeid/MP/Project/FracAtlas/all_images/IMG0003293.jpg,174.0,182.0,195.0,208.0,fractured
/home/saeid/MP/Project/FracAtlas/all_images/IMG0003220.jpg,173.0,177.0,213.0,226.0,fractured
/home/saeid/MP/Project/FracAtlas/all_images/IMG0003220.jpg,174.0,251.0,198.0,292.0,fractured
/home/saeid/MP/Project/FracAtlas/all_images/IMG0002319.jpg,1312.0,1292.0,1412.0,1436.0,fractured
/home/saeid/MP/Project/FracAtlas/all_images/IMG0002319.jpg,1424.0,1322.0,1502.0,1474.0,fractured
/home/saeid/MP/Project/FracAtlas/all_images/IMG0002738.jpg,152.0,156.0,175.0,177.0,fractured
/home/saeid/MP/Project/FracAtlas/all_images/IMG0002382.jpg,75.0,174.0,94.0,199.0,fractured
/home/saeid/MP/Project/FracAtlas/all_images/IMG0002382.jpg,272.0,166.0,285.0,183.0,fractured
/home/saeid/MP/Project/FracAtlas/all_images/IMG0002382.jpg,299.0,158.0,314.0,179.0,fractured
/home/saeid/MP/Project/FracAtlas/all_images/IMG0002544.jpg,154.0,242.0,199.0,289.0,fractured
/home/saeid/MP/Project/FracAtlas/all_images/IMG0002536.jpg,225.0,198.0,242.0,323.0,fractured
/home/saeid/MP/Project/FracAtlas/all_images/IMG0003218.jpg,157.0,213.0,188.0,240.0,fractured
/home/saeid/MP/Project/FracAtlas/all_images/IMG0000777.jpg,231.0,37.0,280.0,98.0,fractured
/home/saeid/MP/Project/FracAtlas/all_images/IMG0002520.jpg,201.0,207.0,237.0,272.0,fractured
/home/saeid/MP/Project/FracAtlas/all_images/IMG0002520.jpg,227.0,176.0,254.0,209.0,fractured
/home/saeid/MP/Project/FracAtlas/all_images/IMG0002522.jpg,138.0,224.0,176.0,293.0,fractured
/home/saeid/MP/Project/FracAtlas/all_images/IMG0002310.jpg,1387.0,1853.0,1655.0,2048.0,fractured
/home/saeid/MP/Project/FracAtlas/all_images/IMG0002590.jpg,372.0,149.0,383.0,194.0,fractured
/home/saeid/MP/Project/FracAtlas/all_images/IMG0002590.jpg,146.0,172.0,161.0,196.0,fractured
/home/saeid/MP/Project/FracAtlas/all_images/IMG0002311.jpg,1185.0,965.0,1423.0,1135.0,fractured
/home/saeid/MP/Project/FracAtlas/all_images/IMG0002511.jpg,148.0,117.0,186.0,142.0,fractured
/home/saeid/MP/Project/FracAtlas/all_images/IMG0002493.jpg,222.0,132.0,256.0,158.0,fractured
/home/saeid/MP/Project/FracAtlas/all_images/IMG0001364.jpg,210.0,97.0,262.0,154.0,fractured
/home/saeid/MP/Project/FracAtlas/all_images/IMG0002396.jpg,226.0,80.0,244.0,100.0,fractured
/home/saeid/MP/Project/FracAtlas/all_images/IMG0002512.jpg,229.0,88.0,267.0,106.0,fractured
/home/saeid/MP/Project/FracAtlas/all_images/IMG0000805.jpg,205.0,135.0,227.0,155.0,fractured
/home/saeid/MP/Project/FracAtlas/all_images/IMG0002122.jpg,220.0,262.0,244.0,307.0,fractured
/home/saeid/MP/Project/FracAtlas/all_images/IMG0002538.jpg,149.0,235.0,162.0,254.0,fractured
/home/saeid/MP/Project/FracAtlas/all_images/IMG0000845.jpg,135.0,231.0,168.0,262.0,fractured
/home/saeid/MP/Project/FracAtlas/all_images/IMG0002427.jpg,275.0,120.0,295.0,142.0,fractured
/home/saeid/MP/Project/FracAtlas/all_images/IMG0002418.jpg,219.0,250.0,240.0,279.0,fractured
/home/saeid/MP/Project/FracAtlas/all_images/IMG0002418.jpg,237.0,197.0,258.0,218.0,fractured
/home/saeid/MP/Project/FracAtlas/all_images/IMG0002446.jpg,240.0,113.0,270.0,123.0,fractured
/home/saeid/MP/Project/FracAtlas/all_images/IMG0002446.jpg,249.0,163.0,266.0,174.0,fractured
/home/saeid/MP/Project/FracAtlas/all_images/IMG0002446.jpg,252.0,147.0,268.0,159.0,fractured
/home/saeid/MP/Project/FracAtlas/all_images/IMG0002208.jpg,64.0,230.0,98.0,253.0,fractured
/home/saeid/MP/Project/FracAtlas/all_images/IMG0002208.jpg,268.0,226.0,308.0,248.0,fractured
/home/saeid/MP/Project/FracAtlas/all_images/IMG0003102.jpg,157.0,157.0,187.0,182.0,fractured
/home/saeid/MP/Project/FracAtlas/all_images/IMG0002508.jpg,98.0,182.0,114.0,204.0,fractured
/home/saeid/MP/Project/FracAtlas/all_images/IMG0002508.jpg,110.0,185.0,123.0,207.0,fractured
/home/saeid/MP/Project/FracAtlas/all_images/IMG0002508.jpg,273.0,207.0,289.0,222.0,fractured
/home/saeid/MP/Project/FracAtlas/all_images/IMG0002508.jpg,289.0,213.0,303.0,232.0,fractured
/home/saeid/MP/Project/FracAtlas/all_images/IMG0002323.jpg,1232.0,1187.0,1331.0,1353.0,fractured
/home/saeid/MP/Project/FracAtlas/all_images/IMG0002323.jpg,1348.0,1230.0,1445.0,1412.0,fractured
/home/saeid/MP/Project/FracAtlas/all_images/IMG0002439.jpg,143.0,218.0,173.0,299.0,fractured
/home/saeid/MP/Project/FracAtlas/all_images/IMG0002439.jpg,126.0,275.0,139.0,294.0,fractured
/home/saeid/MP/Project/FracAtlas/all_images/IMG0002401.jpg,199.0,180.0,225.0,225.0,fractured
/home/saeid/MP/Project/FracAtlas/all_images/IMG0002401.jpg,167.0,234.0,203.0,269.0,fractured
/home/saeid/MP/Project/FracAtlas/all_images/IMG0000472.jpg,133.0,134.0,173.0,195.0,fractured
/home/saeid/MP/Project/FracAtlas/all_images/IMG0001382.jpg,143.0,194.0,184.0,217.0,fractured
/home/saeid/MP/Project/FracAtlas/all_images/IMG0002380.jpg,95.0,218.0,117.0,237.0,fractured
/home/saeid/MP/Project/FracAtlas/all_images/IMG0002380.jpg,265.0,213.0,292.0,224.0,fractured
/home/saeid/MP/Project/FracAtlas/all_images/IMG0002398.jpg,123.0,159.0,158.0,176.0,fractured
/home/saeid/MP/Project/FracAtlas/all_images/IMG0002398.jpg,326.0,164.0,350.0,179.0,fractured
/home/saeid/MP/Project/FracAtlas/all_images/IMG0002331.jpg,1310.0,795.0,1585.0,1017.0,fractured
/home/saeid/MP/Project/FracAtlas/all_images/IMG0000751.jpg,149.0,143.0,187.0,170.0,fractured
/home/saeid/MP/Project/FracAtlas/all_images/IMG0000479.jpg,150.0,197.0,202.0,290.0,fractured
/home/saeid/MP/Project/FracAtlas/all_images/IMG0000479.jpg,133.0,221.0,152.0,270.0,fractured
/home/saeid/MP/Project/FracAtlas/all_images/IMG0003147.jpg,182.0,225.0,217.0,278.0,fractured
/home/saeid/MP/Project/FracAtlas/all_images/IMG0002615.jpg,232.0,260.0,249.0,284.0,fractured
/home/saeid/MP/Project/FracAtlas/all_images/IMG0001739.jpg,166.0,139.0,183.0,164.0,fractured
/home/saeid/MP/Project/FracAtlas/all_images/IMG0002552.jpg,193.0,100.0,207.0,121.0,fractured
/home/saeid/MP/Project/FracAtlas/all_images/IMG0002477.jpg,151.0,141.0,202.0,248.0,fractured
/home/saeid/MP/Project/FracAtlas/all_images/IMG0002388.jpg,65.0,68.0,128.0,114.0,fractured
/home/saeid/MP/Project/FracAtlas/all_images/IMG0002388.jpg,291.0,232.0,370.0,298.0,fractured
/home/saeid/MP/Project/FracAtlas/all_images/IMG0002524.jpg,163.0,156.0,179.0,184.0,fractured
/home/saeid/MP/Project/FracAtlas/all_images/IMG0002524.jpg,185.0,180.0,202.0,200.0,fractured
/home/saeid/MP/Project/FracAtlas/all_images/IMG0002461.jpg,59.0,193.0,83.0,226.0,fractured
/home/saeid/MP/Project/FracAtlas/all_images/IMG0001380.jpg,179.0,235.0,217.0,261.0,fractured
/home/saeid/MP/Project/FracAtlas/all_images/IMG0002492.jpg,247.0,193.0,264.0,225.0,fractured
/home/saeid/MP/Project/FracAtlas/all_images/IMG0000092.jpg,1078.0,1219.0,1434.0,1352.0,fractured
/home/saeid/MP/Project/FracAtlas/all_images/IMG0002539.jpg,201.0,257.0,222.0,275.0,fractured
/home/saeid/MP/Project/FracAtlas/all_images/IMG0001495.jpg,190.0,166.0,216.0,192.0,fractured
/home/saeid/MP/Project/FracAtlas/all_images/IMG0003093.jpg,204.0,162.0,236.0,181.0,fractured
/home/saeid/MP/Project/FracAtlas/all_images/IMG0003093.jpg,245.0,226.0,259.0,248.0,fractured
/home/saeid/MP/Project/FracAtlas/all_images/IMG0000763.jpg,304.0,126.0,332.0,157.0,fractured
/home/saeid/MP/Project/FracAtlas/all_images/IMG0002619.jpg,157.0,147.0,194.0,169.0,fractured
/home/saeid/MP/Project/FracAtlas/all_images/IMG0002374.jpg,602.0,1486.0,818.0,1718.0,fractured
/home/saeid/MP/Project/FracAtlas/all_images/IMG0000351.jpg,227.0,107.0,274.0,140.0,fractured
/home/saeid/MP/Project/FracAtlas/all_images/IMG0002510.jpg,150.0,182.0,188.0,208.0,fractured
/home/saeid/MP/Project/FracAtlas/all_images/IMG0002405.jpg,89.0,179.0,113.0,195.0,fractured
/home/saeid/MP/Project/FracAtlas/all_images/IMG0002405.jpg,262.0,211.0,296.0,223.0,fractured
/home/saeid/MP/Project/FracAtlas/all_images/IMG0002349.jpg,1059.0,1157.0,1171.0,1301.0,fractured
/home/saeid/MP/Project/FracAtlas/all_images/IMG0002457.jpg,89.0,170.0,111.0,210.0,fractured
/home/saeid/MP/Project/FracAtlas/all_images/IMG0002506.jpg,159.0,265.0,182.0,305.0,fractured
/home/saeid/MP/Project/FracAtlas/all_images/IMG0002506.jpg,176.0,184.0,209.0,277.0,fractured
/home/saeid/MP/Project/FracAtlas/all_images/IMG0002325.jpg,1218.0,1235.0,1331.0,1384.0,fractured
/home/saeid/MP/Project/FracAtlas/all_images/IMG0002325.jpg,1341.0,1313.0,1431.0,1438.0,fractured
/home/saeid/MP/Project/FracAtlas/all_images/IMG0002332.jpg,1658.0,1258.0,1897.0,1429.0,fractured
/home/saeid/MP/Project/FracAtlas/all_images/IMG0002513.jpg,66.0,258.0,92.0,282.0,fractured
/home/saeid/MP/Project/FracAtlas/all_images/IMG0002513.jpg,253.0,264.0,289.0,300.0,fractured
/home/saeid/MP/Project/FracAtlas/all_images/IMG0002407.jpg,143.0,137.0,161.0,156.0,fractured
/home/saeid/MP/Project/FracAtlas/all_images/IMG0002581.jpg,85.0,167.0,99.0,208.0,fractured
/home/saeid/MP/Project/FracAtlas/all_images/IMG0002581.jpg,308.0,148.0,323.0,174.0,fractured
/home/saeid/MP/Project/FracAtlas/all_images/IMG0002834.jpg,229.0,139.0,243.0,170.0,fractured
/home/saeid/MP/Project/FracAtlas/all_images/IMG0002442.jpg,212.0,181.0,245.0,197.0,fractured
/home/saeid/MP/Project/FracAtlas/all_images/IMG0002664.jpg,219.0,162.0,265.0,187.0,fractured
/home/saeid/MP/Project/FracAtlas/all_images/IMG0002272.jpg,251.0,171.0,268.0,195.0,fractured
/home/saeid/MP/Project/FracAtlas/all_images/IMG0002272.jpg,128.0,176.0,146.0,194.0,fractured
/home/saeid/MP/Project/FracAtlas/all_images/IMG0002586.jpg,94.0,216.0,124.0,273.0,fractured
/home/saeid/MP/Project/FracAtlas/all_images/IMG0002304.jpg,1232.0,1143.0,1442.0,1450.0,fractured
/home/saeid/MP/Project/FracAtlas/all_images/IMG0000453.jpg,190.0,201.0,226.0,247.0,fractured
/home/saeid/MP/Project/FracAtlas/all_images/IMG0003279.jpg,158.0,129.0,179.0,156.0,fractured
/home/saeid/MP/Project/FracAtlas/all_images/IMG0002574.jpg,99.0,167.0,108.0,184.0,fractured
/home/saeid/MP/Project/FracAtlas/all_images/IMG0002574.jpg,288.0,156.0,305.0,178.0,fractured
/home/saeid/MP/Project/FracAtlas/all_images/IMG0002597.jpg,161.0,47.0,200.0,66.0,fractured
/home/saeid/MP/Project/FracAtlas/all_images/IMG0002946.jpg,175.0,268.0,200.0,288.0,fractured
/home/saeid/MP/Project/FracAtlas/all_images/IMG0002535.jpg,177.0,143.0,199.0,249.0,fractured
/home/saeid/MP/Project/FracAtlas/all_images/IMG0001410.jpg,127.0,200.0,157.0,233.0,fractured
/home/saeid/MP/Project/FracAtlas/all_images/IMG0001410.jpg,147.0,173.0,192.0,198.0,fractured
/home/saeid/MP/Project/FracAtlas/all_images/IMG0002343.jpg,1050.0,1024.0,1213.0,1602.0,fractured
/home/saeid/MP/Project/FracAtlas/all_images/IMG0002343.jpg,1239.0,1384.0,1317.0,1585.0,fractured
/home/saeid/MP/Project/FracAtlas/all_images/IMG0001428.jpg,109.0,128.0,135.0,148.0,fractured
/home/saeid/MP/Project/FracAtlas/all_images/IMG0001428.jpg,114.0,149.0,153.0,181.0,fractured
/home/saeid/MP/Project/FracAtlas/all_images/IMG0002367.jpg,726.0,1737.0,1220.0,2229.0,fractured
/home/saeid/MP/Project/FracAtlas/all_images/IMG0002840.jpg,219.0,183.0,228.0,201.0,fractured
/home/saeid/MP/Project/FracAtlas/all_images/IMG0001934.jpg,173.0,166.0,202.0,198.0,fractured
/home/saeid/MP/Project/FracAtlas/all_images/IMG0002560.jpg,36.0,102.0,52.0,118.0,fractured
/home/saeid/MP/Project/FracAtlas/all_images/IMG0002560.jpg,55.0,117.0,80.0,132.0,fractured
/home/saeid/MP/Project/FracAtlas/all_images/IMG0002560.jpg,251.0,135.0,277.0,147.0,fractured
/home/saeid/MP/Project/FracAtlas/all_images/IMG0002560.jpg,292.0,125.0,302.0,139.0,fractured
/home/saeid/MP/Project/FracAtlas/all_images/IMG0002474.jpg,138.0,300.0,161.0,343.0,fractured
/home/saeid/MP/Project/FracAtlas/all_images/IMG0002474.jpg,171.0,276.0,187.0,318.0,fractured
/home/saeid/MP/Project/FracAtlas/all_images/IMG0002474.jpg,150.0,224.0,183.0,269.0,fractured
/home/saeid/MP/Project/FracAtlas/all_images/IMG0002515.jpg,139.0,211.0,178.0,250.0,fractured
/home/saeid/MP/Project/FracAtlas/all_images/IMG0002441.jpg,207.0,197.0,232.0,224.0,fractured
/home/saeid/MP/Project/FracAtlas/all_images/IMG0002441.jpg,240.0,200.0,255.0,217.0,fractured
/home/saeid/MP/Project/FracAtlas/all_images/IMG0000261.jpg,1312.0,770.0,1458.0,858.0,fractured
/home/saeid/MP/Project/FracAtlas/all_images/IMG0000261.jpg,470.0,750.0,596.0,842.0,fractured
/home/saeid/MP/Project/FracAtlas/all_images/IMG0002344.jpg,1019.0,835.0,1111.0,1230.0,fractured
/home/saeid/MP/Project/FracAtlas/all_images/IMG0002344.jpg,1152.0,612.0,1260.0,1183.0,fractured
/home/saeid/MP/Project/FracAtlas/all_images/IMG0002344.jpg,1291.0,1034.0,1438.0,1382.0,fractured
/home/saeid/MP/Project/FracAtlas/all_images/IMG0000190.jpg,1315.0,886.0,1596.0,1043.0,fractured
/home/saeid/MP/Project/FracAtlas/all_images/IMG0003217.jpg,157.0,190.0,192.0,215.0,fractured
/home/saeid/MP/Project/FracAtlas/all_images/IMG0002575.jpg,97.0,169.0,108.0,195.0,fractured
/home/saeid/MP/Project/FracAtlas/all_images/IMG0002575.jpg,244.0,169.0,260.0,191.0,fractured
/home/saeid/MP/Project/FracAtlas/all_images/IMG0003164.jpg,183.0,160.0,206.0,176.0,fractured
/home/saeid/MP/Project/FracAtlas/all_images/IMG0001577.jpg,209.0,125.0,237.0,153.0,fractured
/home/saeid/MP/Project/FracAtlas/all_images/IMG0003255.jpg,181.0,260.0,196.0,283.0,fractured
/home/saeid/MP/Project/FracAtlas/all_images/IMG0002749.jpg,198.0,236.0,238.0,336.0,fractured
/home/saeid/MP/Project/FracAtlas/all_images/IMG0002438.jpg,170.0,212.0,187.0,287.0,fractured
/home/saeid/MP/Project/FracAtlas/all_images/IMG0002021.jpg,141.0,182.0,167.0,204.0,fractured
/home/saeid/MP/Project/FracAtlas/all_images/IMG0001981.jpg,135.0,209.0,164.0,241.0,fractured
/home/saeid/MP/Project/FracAtlas/all_images/IMG0002411.jpg,47.0,211.0,81.0,242.0,fractured
/home/saeid/MP/Project/FracAtlas/all_images/IMG0002411.jpg,274.0,212.0,312.0,242.0,fractured
/home/saeid/MP/Project/FracAtlas/all_images/IMG0000844.jpg,144.0,248.0,185.0,273.0,fractured
/home/saeid/MP/Project/FracAtlas/all_images/IMG0001731.jpg,64.0,218.0,77.0,234.0,fractured
/home/saeid/MP/Project/FracAtlas/all_images/IMG0001731.jpg,52.0,225.0,63.0,238.0,fractured
/home/saeid/MP/Project/FracAtlas/all_images/IMG0001938.jpg,190.0,200.0,224.0,227.0,fractured
/home/saeid/MP/Project/FracAtlas/all_images/IMG0002529.jpg,152.0,145.0,172.0,162.0,fractured
/home/saeid/MP/Project/FracAtlas/all_images/IMG0002606.jpg,180.0,136.0,203.0,160.0,fractured
/home/saeid/MP/Project/FracAtlas/all_images/IMG0002383.jpg,148.0,258.0,191.0,296.0,fractured
/home/saeid/MP/Project/FracAtlas/all_images/IMG0002548.jpg,129.0,242.0,148.0,267.0,fractured
/home/saeid/MP/Project/FracAtlas/all_images/IMG0002604.jpg,147.0,170.0,167.0,236.0,fractured
/home/saeid/MP/Project/FracAtlas/all_images/IMG0002352.jpg,1047.0,1233.0,1222.0,1358.0,fractured
/home/saeid/MP/Project/FracAtlas/all_images/IMG0002451.jpg,212.0,201.0,222.0,245.0,fractured
/home/saeid/MP/Project/FracAtlas/all_images/IMG0003034.jpg,168.0,100.0,186.0,123.0,fractured
/home/saeid/MP/Project/FracAtlas/all_images/IMG0002307.jpg,787.0,1143.0,912.0,1275.0,fractured
/home/saeid/MP/Project/FracAtlas/all_images/IMG0002358.jpg,550.0,849.0,676.0,956.0,fractured
/home/saeid/MP/Project/FracAtlas/all_images/IMG0002601.jpg,166.0,147.0,208.0,179.0,fractured
/home/saeid/MP/Project/FracAtlas/all_images/IMG0002885.jpg,175.0,109.0,211.0,163.0,fractured
/home/saeid/MP/Project/FracAtlas/all_images/IMG0002357.jpg,536.0,809.0,662.0,922.0,fractured
/home/saeid/MP/Project/FracAtlas/all_images/IMG0002342.jpg,943.0,2669.0,1218.0,2879.0,fractured
/home/saeid/MP/Project/FracAtlas/all_images/IMG0002650.jpg,177.0,184.0,198.0,207.0,fractured
/home/saeid/MP/Project/FracAtlas/all_images/IMG0001236.jpg,62.0,213.0,91.0,234.0,fractured
/home/saeid/MP/Project/FracAtlas/all_images/IMG0001236.jpg,258.0,232.0,291.0,255.0,fractured
/home/saeid/MP/Project/FracAtlas/all_images/IMG0001198.jpg,263.0,116.0,302.0,138.0,fractured
/home/saeid/MP/Project/FracAtlas/all_images/IMG0002300.jpg,482.0,766.0,551.0,845.0,fractured
/home/saeid/MP/Project/FracAtlas/all_images/IMG0002300.jpg,1293.0,770.0,1402.0,931.0,fractured
/home/saeid/MP/Project/FracAtlas/all_images/IMG0002301.jpg,387.0,854.0,436.0,944.0,fractured
/home/saeid/MP/Project/FracAtlas/all_images/IMG0002301.jpg,1423.0,817.0,1521.0,963.0,fractured
/home/saeid/MP/Project/FracAtlas/all_images/IMG0002705.jpg,179.0,205.0,197.0,235.0,fractured
/home/saeid/MP/Project/FracAtlas/all_images/IMG0003111.jpg,177.0,146.0,209.0,212.0,fractured
/home/saeid/MP/Project/FracAtlas/all_images/IMG0002589.jpg,269.0,258.0,291.0,299.0,fractured
/home/saeid/MP/Project/FracAtlas/all_images/IMG0002589.jpg,241.0,291.0,259.0,334.0,fractured
/home/saeid/MP/Project/FracAtlas/all_images/IMG0002589.jpg,58.0,341.0,69.0,378.0,fractured
/home/saeid/MP/Project/FracAtlas/all_images/IMG0002589.jpg,80.0,319.0,87.0,333.0,fractured
/home/saeid/MP/Project/FracAtlas/all_images/IMG0002126.jpg,171.0,150.0,211.0,172.0,fractured
/home/saeid/MP/Project/FracAtlas/all_images/IMG0002447.jpg,104.0,325.0,172.0,389.0,fractured
/home/saeid/MP/Project/FracAtlas/all_images/IMG0002617.jpg,134.0,207.0,156.0,235.0,fractured
/home/saeid/MP/Project/FracAtlas/all_images/IMG0002481.jpg,185.0,280.0,205.0,298.0,fractured
/home/saeid/MP/Project/FracAtlas/all_images/IMG0001763.jpg,229.0,261.0,250.0,285.0,fractured
/home/saeid/MP/Project/FracAtlas/all_images/IMG0002321.jpg,972.0,1734.0,1085.0,1968.0,fractured
/home/saeid/MP/Project/FracAtlas/all_images/IMG0002321.jpg,981.0,1500.0,1095.0,1722.0,fractured
/home/saeid/MP/Project/FracAtlas/all_images/IMG0002486.jpg,213.0,149.0,229.0,167.0,fractured
/home/saeid/MP/Project/FracAtlas/all_images/IMG0002486.jpg,236.0,148.0,247.0,160.0,fractured
/home/saeid/MP/Project/FracAtlas/all_images/IMG0002494.jpg,336.0,149.0,367.0,166.0,fractured
/home/saeid/MP/Project/FracAtlas/all_images/IMG0002298.jpg,1296.0,641.0,1430.0,740.0,fractured
/home/saeid/MP/Project/FracAtlas/all_images/IMG0002298.jpg,329.0,782.0,442.0,875.0,fractured
/home/saeid/MP/Project/FracAtlas/all_images/IMG0002489.jpg,73.0,151.0,129.0,264.0,fractured
/home/saeid/MP/Project/FracAtlas/all_images/IMG0003001.jpg,279.0,189.0,293.0,203.0,fractured
/home/saeid/MP/Project/FracAtlas/all_images/IMG0002350.jpg,1232.0,981.0,1457.0,1185.0,fractured
/home/saeid/MP/Project/FracAtlas/all_images/IMG0003157.jpg,233.0,209.0,248.0,225.0,fractured
/home/saeid/MP/Project/FracAtlas/all_images/IMG0001191.jpg,122.0,362.0,154.0,397.0,fractured
/home/saeid/MP/Project/FracAtlas/all_images/IMG0001007.jpg,228.0,83.0,264.0,112.0,fractured
/home/saeid/MP/Project/FracAtlas/all_images/IMG0003264.jpg,246.0,208.0,271.0,240.0,fractured
/home/saeid/MP/Project/FracAtlas/all_images/IMG0002433.jpg,176.0,213.0,193.0,254.0,fractured
/home/saeid/MP/Project/FracAtlas/all_images/IMG0002444.jpg,157.0,187.0,197.0,271.0,fractured
/home/saeid/MP/Project/FracAtlas/all_images/IMG0002444.jpg,155.0,142.0,183.0,190.0,fractured
/home/saeid/MP/Project/FracAtlas/all_images/IMG0003254.jpg,177.0,246.0,199.0,277.0,fractured
/home/saeid/MP/Project/FracAtlas/all_images/IMG0002378.jpg,352.0,1100.0,429.0,1178.0,fractured
/home/saeid/MP/Project/FracAtlas/all_images/IMG0002378.jpg,1377.0,1149.0,1469.0,1252.0,fractured
/home/saeid/MP/Project/FracAtlas/all_images/IMG0002580.jpg,187.0,130.0,217.0,176.0,fractured
/home/saeid/MP/Project/FracAtlas/all_images/IMG0002180.jpg,22.0,189.0,90.0,268.0,fractured
/home/saeid/MP/Project/FracAtlas/all_images/IMG0002647.jpg,272.0,114.0,308.0,155.0,fractured
/home/saeid/MP/Project/FracAtlas/all_images/IMG0001639.jpg,168.0,200.0,194.0,217.0,fractured
/home/saeid/MP/Project/FracAtlas/all_images/IMG0002423.jpg,129.0,136.0,165.0,173.0,fractured
/home/saeid/MP/Project/FracAtlas/all_images/IMG0001916.jpg,131.0,259.0,174.0,281.0,fractured
/home/saeid/MP/Project/FracAtlas/all_images/IMG0002336.jpg,1518.0,1209.0,1767.0,1427.0,fractured
/home/saeid/MP/Project/FracAtlas/all_images/IMG0002905.jpg,274.0,131.0,334.0,168.0,fractured
/home/saeid/MP/Project/FracAtlas/all_images/IMG0001730.jpg,76.0,238.0,91.0,257.0,fractured
/home/saeid/MP/Project/FracAtlas/all_images/IMG0001730.jpg,88.0,247.0,101.0,263.0,fractured
/home/saeid/MP/Project/FracAtlas/all_images/IMG0002768.jpg,193.0,117.0,289.0,228.0,fractured
/home/saeid/MP/Project/FracAtlas/all_images/IMG0002556.jpg,251.0,253.0,284.0,278.0,fractured
/home/saeid/MP/Project/FracAtlas/all_images/IMG0001148.jpg,148.0,187.0,178.0,216.0,fractured
/home/saeid/MP/Project/FracAtlas/all_images/IMG0000468.jpg,236.0,80.0,262.0,129.0,fractured
/home/saeid/MP/Project/FracAtlas/all_images/IMG0000468.jpg,267.0,77.0,281.0,122.0,fractured
/home/saeid/MP/Project/FracAtlas/all_images/IMG0002416.jpg,199.0,220.0,219.0,232.0,fractured
/home/saeid/MP/Project/FracAtlas/all_images/IMG0002593.jpg,73.0,244.0,104.0,288.0,fractured
/home/saeid/MP/Project/FracAtlas/all_images/IMG0002593.jpg,41.0,298.0,55.0,314.0,fractured
/home/saeid/MP/Project/FracAtlas/all_images/IMG0002593.jpg,234.0,258.0,276.0,295.0,fractured
/home/saeid/MP/Project/FracAtlas/all_images/IMG0002274.jpg,272.0,196.0,308.0,224.0,fractured
/home/saeid/MP/Project/FracAtlas/all_images/IMG0002274.jpg,73.0,144.0,109.0,180.0,fractured
/home/saeid/MP/Project/FracAtlas/all_images/IMG0002287.jpg,80.0,197.0,108.0,222.0,fractured
/home/saeid/MP/Project/FracAtlas/all_images/IMG0002287.jpg,283.0,198.0,317.0,225.0,fractured
/home/saeid/MP/Project/FracAtlas/all_images/IMG0002584.jpg,209.0,121.0,229.0,139.0,fractured
/home/saeid/MP/Project/FracAtlas/all_images/IMG0003265.jpg,218.0,185.0,244.0,208.0,fractured
/home/saeid/MP/Project/FracAtlas/all_images/IMG0002414.jpg,217.0,175.0,234.0,192.0,fractured
/home/saeid/MP/Project/FracAtlas/all_images/IMG0002414.jpg,234.0,167.0,255.0,188.0,fractured
/home/saeid/MP/Project/FracAtlas/all_images/IMG0002368.jpg,330.0,440.0,853.0,1067.0,fractured
/home/saeid/MP/Project/FracAtlas/all_images/IMG0000851.jpg,203.0,95.0,232.0,115.0,fractured
/home/saeid/MP/Project/FracAtlas/all_images/IMG0000851.jpg,245.0,211.0,255.0,228.0,fractured
/home/saeid/MP/Project/FracAtlas/all_images/IMG0002614.jpg,136.0,152.0,162.0,214.0,fractured
/home/saeid/MP/Project/FracAtlas/all_images/IMG0002832.jpg,185.0,160.0,200.0,199.0,fractured
/home/saeid/MP/Project/FracAtlas/all_images/IMG0002582.jpg,143.0,144.0,160.0,170.0,fractured
/home/saeid/MP/Project/FracAtlas/all_images/IMG0001041.jpg,294.0,200.0,315.0,220.0,fractured
/home/saeid/MP/Project/FracAtlas/all_images/IMG0002455.jpg,143.0,213.0,187.0,277.0,fractured
/home/saeid/MP/Project/FracAtlas/all_images/IMG0002849.jpg,174.0,214.0,203.0,236.0,fractured
/home/saeid/MP/Project/FracAtlas/all_images/IMG0002490.jpg,52.0,183.0,142.0,284.0,fractured
/home/saeid/MP/Project/FracAtlas/all_images/IMG0002514.jpg,157.0,240.0,190.0,274.0,fractured
/home/saeid/MP/Project/FracAtlas/all_images/IMG0002514.jpg,192.0,248.0,206.0,275.0,fractured
/home/saeid/MP/Project/FracAtlas/all_images/IMG0002497.jpg,204.0,275.0,212.0,307.0,fractured
/home/saeid/MP/Project/FracAtlas/all_images/IMG0002602.jpg,223.0,83.0,235.0,151.0,fractured
/home/saeid/MP/Project/FracAtlas/all_images/IMG0001152.jpg,162.0,147.0,185.0,171.0,fractured
/home/saeid/MP/Project/FracAtlas/all_images/IMG0002607.jpg,306.0,238.0,348.0,335.0,fractured
/home/saeid/MP/Project/FracAtlas/all_images/IMG0002333.jpg,1530.0,1019.0,1762.0,1183.0,fractured
/home/saeid/MP/Project/FracAtlas/all_images/IMG0000600.jpg,232.0,177.0,255.0,209.0,fractured
/home/saeid/MP/Project/FracAtlas/all_images/IMG0002391.jpg,44.0,183.0,96.0,280.0,fractured
/home/saeid/MP/Project/FracAtlas/all_images/IMG0002391.jpg,290.0,140.0,356.0,227.0,fractured
/home/saeid/MP/Project/FracAtlas/all_images/IMG0002394.jpg,90.0,179.0,103.0,200.0,fractured
/home/saeid/MP/Project/FracAtlas/all_images/IMG0002394.jpg,284.0,193.0,299.0,210.0,fractured
/home/saeid/MP/Project/FracAtlas/all_images/IMG0002999.jpg,232.0,83.0,242.0,98.0,fractured
/home/saeid/MP/Project/FracAtlas/all_images/IMG0002542.jpg,71.0,142.0,127.0,189.0,fractured
/home/saeid/MP/Project/FracAtlas/all_images/IMG0000702.jpg,167.0,212.0,193.0,246.0,fractured
/home/saeid/MP/Project/FracAtlas/all_images/IMG0002628.jpg,177.0,74.0,214.0,99.0,fractured
/home/saeid/MP/Project/FracAtlas/all_images/IMG0002475.jpg,139.0,280.0,182.0,351.0,fractured
/home/saeid/MP/Project/FracAtlas/all_images/IMG0002475.jpg,143.0,205.0,173.0,276.0,fractured
/home/saeid/MP/Project/FracAtlas/all_images/IMG0002459.jpg,185.0,226.0,233.0,296.0,fractured
/home/saeid/MP/Project/FracAtlas/all_images/IMG0002365.jpg,1631.0,1048.0,1822.0,1179.0,fractured
/home/saeid/MP/Project/FracAtlas/all_images/IMG0002385.jpg,262.0,149.0,274.0,163.0,fractured
/home/saeid/MP/Project/FracAtlas/all_images/IMG0002385.jpg,279.0,144.0,292.0,158.0,fractured
/home/saeid/MP/Project/FracAtlas/all_images/IMG0002464.jpg,105.0,35.0,137.0,64.0,fractured
/home/saeid/MP/Project/FracAtlas/all_images/IMG0000470.jpg,223.0,173.0,255.0,199.0,fractured
/home/saeid/MP/Project/FracAtlas/all_images/IMG0002330.jpg,993.0,1131.0,1327.0,1348.0,fractured
/home/saeid/MP/Project/FracAtlas/all_images/IMG0001008.jpg,194.0,127.0,221.0,148.0,fractured
/home/saeid/MP/Project/FracAtlas/all_images/IMG0002479.jpg,79.0,265.0,102.0,296.0,fractured
/home/saeid/MP/Project/FracAtlas/all_images/IMG0001351.jpg,152.0,228.0,172.0,258.0,fractured
/home/saeid/MP/Project/FracAtlas/all_images/IMG0002328.jpg,1147.0,1017.0,1270.0,1164.0,fractured
/home/saeid/MP/Project/FracAtlas/all_images/IMG0002328.jpg,1097.0,1072.0,1161.0,1145.0,fractured
/home/saeid/MP/Project/FracAtlas/all_images/IMG0003146.jpg,165.0,196.0,199.0,257.0,fractured
/home/saeid/MP/Project/FracAtlas/all_images/IMG0002452.jpg,178.0,175.0,192.0,249.0,fractured
/home/saeid/MP/Project/FracAtlas/all_images/IMG0002596.jpg,146.0,202.0,170.0,275.0,fractured
/home/saeid/MP/Project/FracAtlas/all_images/IMG0002596.jpg,176.0,261.0,184.0,270.0,fractured
/home/saeid/MP/Project/FracAtlas/all_images/IMG0003171.jpg,154.0,219.0,165.0,241.0,fractured
/home/saeid/MP/Project/FracAtlas/all_images/IMG0000692.jpg,85.0,157.0,114.0,188.0,fractured
/home/saeid/MP/Project/FracAtlas/all_images/IMG0000692.jpg,264.0,172.0,301.0,195.0,fractured
/home/saeid/MP/Project/FracAtlas/all_images/IMG0000151.jpg,961.0,1040.0,1066.0,1380.0,fractured
/home/saeid/MP/Project/FracAtlas/all_images/IMG0002037.jpg,158.0,172.0,174.0,223.0,fractured
/home/saeid/MP/Project/FracAtlas/all_images/IMG0002037.jpg,132.0,196.0,142.0,248.0,fractured
/home/saeid/MP/Project/FracAtlas/all_images/IMG0000207.jpg,750.0,976.0,1018.0,1202.0,fractured
/home/saeid/MP/Project/FracAtlas/all_images/IMG0002651.jpg,157.0,185.0,176.0,214.0,fractured
/home/saeid/MP/Project/FracAtlas/all_images/IMG0002831.jpg,182.0,118.0,201.0,155.0,fractured
/home/saeid/MP/Project/FracAtlas/all_images/IMG0002831.jpg,204.0,99.0,220.0,122.0,fractured
/home/saeid/MP/Project/FracAtlas/all_images/IMG0003131.jpg,183.0,151.0,200.0,181.0,fractured
/home/saeid/MP/Project/FracAtlas/all_images/IMG0002381.jpg,64.0,165.0,82.0,202.0,fractured
/home/saeid/MP/Project/FracAtlas/all_images/IMG0002381.jpg,251.0,157.0,269.0,180.0,fractured
/home/saeid/MP/Project/FracAtlas/all_images/IMG0002181.jpg,86.0,230.0,104.0,256.0,fractured
/home/saeid/MP/Project/FracAtlas/all_images/IMG0002181.jpg,248.0,217.0,271.0,245.0,fractured
/home/saeid/MP/Project/FracAtlas/all_images/IMG0002327.jpg,1222.0,1450.0,1367.0,1599.0,fractured
/home/saeid/MP/Project/FracAtlas/all_images/IMG0002327.jpg,1336.0,1557.0,1419.0,1642.0,fractured
/home/saeid/MP/Project/FracAtlas/all_images/IMG0002387.jpg,81.0,112.0,127.0,242.0,fractured
/home/saeid/MP/Project/FracAtlas/all_images/IMG0003214.jpg,195.0,134.0,207.0,149.0,fractured
/home/saeid/MP/Project/FracAtlas/all_images/IMG0002308.jpg,1239.0,1012.0,1478.0,1239.0,fractured
/home/saeid/MP/Project/FracAtlas/all_images/IMG0003267.jpg,192.0,243.0,212.0,267.0,fractured
/home/saeid/MP/Project/FracAtlas/all_images/IMG0000455.jpg,200.0,215.0,236.0,276.0,fractured
/home/saeid/MP/Project/FracAtlas/all_images/IMG0002384.jpg,49.0,307.0,88.0,338.0,fractured
/home/saeid/MP/Project/FracAtlas/all_images/IMG0002384.jpg,276.0,96.0,317.0,126.0,fractured
/home/saeid/MP/Project/FracAtlas/all_images/IMG0002419.jpg,189.0,177.0,222.0,199.0,fractured
/home/saeid/MP/Project/FracAtlas/all_images/IMG0002547.jpg,97.0,279.0,112.0,302.0,fractured
/home/saeid/MP/Project/FracAtlas/all_images/IMG0002299.jpg,484.0,740.0,595.0,838.0,fractured
/home/saeid/MP/Project/FracAtlas/all_images/IMG0002299.jpg,1289.0,775.0,1416.0,933.0,fractured
/home/saeid/MP/Project/FracAtlas/all_images/IMG0002127.jpg,196.0,117.0,238.0,153.0,fractured
/home/saeid/MP/Project/FracAtlas/all_images/IMG0003130.jpg,170.0,118.0,190.0,152.0,fractured
/home/saeid/MP/Project/FracAtlas/all_images/IMG0002359.jpg,1286.0,1431.0,1573.0,1576.0,fractured
/home/saeid/MP/Project/FracAtlas/all_images/IMG0003280.jpg,165.0,144.0,185.0,167.0,fractured
/home/saeid/MP/Project/FracAtlas/all_images/IMG0002620.jpg,164.0,91.0,195.0,127.0,fractured
/home/saeid/MP/Project/FracAtlas/all_images/IMG0002379.jpg,298.0,763.0,429.0,854.0,fractured
/home/saeid/MP/Project/FracAtlas/all_images/IMG0002379.jpg,1281.0,633.0,1384.0,715.0,fractured
/home/saeid/MP/Project/FracAtlas/all_images/IMG0002375.jpg,1428.0,1502.0,1506.0,1623.0,fractured
/home/saeid/MP/Project/FracAtlas/all_images/IMG0002375.jpg,1469.0,1658.0,1521.0,1786.0,fractured
/home/saeid/MP/Project/FracAtlas/all_images/IMG0000284.jpg,304.0,222.0,343.0,248.0,fractured
/home/saeid/MP/Project/FracAtlas/all_images/IMG0000284.jpg,98.0,201.0,134.0,225.0,fractured
/home/saeid/MP/Project/FracAtlas/all_images/IMG0000852.jpg,225.0,139.0,249.0,159.0,fractured
/home/saeid/MP/Project/FracAtlas/all_images/IMG0002397.jpg,199.0,175.0,211.0,190.0,fractured
/home/saeid/MP/Project/FracAtlas/all_images/IMG0002397.jpg,213.0,179.0,227.0,197.0,fractured
/home/saeid/MP/Project/FracAtlas/all_images/IMG0002561.jpg,80.0,267.0,95.0,285.0,fractured
/home/saeid/MP/Project/FracAtlas/all_images/IMG0002561.jpg,258.0,239.0,272.0,255.0,fractured
/home/saeid/MP/Project/FracAtlas/all_images/IMG0002485.jpg,164.0,229.0,195.0,244.0,fractured
/home/saeid/MP/Project/FracAtlas/all_images/IMG0001781.jpg,127.0,287.0,138.0,310.0,fractured
/home/saeid/MP/Project/FracAtlas/all_images/IMG0002469.jpg,256.0,148.0,291.0,174.0,fractured
/home/saeid/MP/Project/FracAtlas/all_images/IMG0002148.jpg,137.0,114.0,153.0,144.0,fractured
/home/saeid/MP/Project/FracAtlas/all_images/IMG0002571.jpg,60.0,160.0,67.0,180.0,fractured
/home/saeid/MP/Project/FracAtlas/all_images/IMG0002571.jpg,274.0,144.0,298.0,183.0,fractured
/home/saeid/MP/Project/FracAtlas/all_images/IMG0002571.jpg,263.0,123.0,272.0,130.0,fractured
/home/saeid/MP/Project/FracAtlas/all_images/IMG0002979.jpg,94.0,199.0,119.0,218.0,fractured
/home/saeid/MP/Project/FracAtlas/all_images/IMG0002934.jpg,210.0,199.0,246.0,220.0,fractured
/home/saeid/MP/Project/FracAtlas/all_images/IMG0002612.jpg,231.0,189.0,243.0,254.0,fractured
/home/saeid/MP/Project/FracAtlas/all_images/IMG0002453.jpg,134.0,247.0,157.0,307.0,fractured
/home/saeid/MP/Project/FracAtlas/all_images/IMG0002453.jpg,155.0,242.0,193.0,287.0,fractured
/home/saeid/MP/Project/FracAtlas/all_images/IMG0002453.jpg,157.0,170.0,186.0,235.0,fractured
/home/saeid/MP/Project/FracAtlas/all_images/IMG0002501.jpg,129.0,219.0,162.0,241.0,fractured
/home/saeid/MP/Project/FracAtlas/all_images/IMG0002435.jpg,124.0,40.0,139.0,80.0,fractured
/home/saeid/MP/Project/FracAtlas/all_images/IMG0002326.jpg,1488.0,1561.0,1603.0,1751.0,fractured
/home/saeid/MP/Project/FracAtlas/all_images/IMG0001350.jpg,105.0,215.0,124.0,247.0,fractured
/home/saeid/MP/Project/FracAtlas/all_images/IMG0002408.jpg,245.0,285.0,268.0,308.0,fractured
/home/saeid/MP/Project/FracAtlas/all_images/IMG0002345.jpg,875.0,2451.0,979.0,2879.0,fractured
/home/saeid/MP/Project/FracAtlas/all_images/IMG0002345.jpg,1024.0,2319.0,1142.0,2879.0,fractured
/home/saeid/MP/Project/FracAtlas/all_images/IMG0002345.jpg,1128.0,2681.0,1260.0,2880.0,fractured
/home/saeid/MP/Project/FracAtlas/all_images/IMG0002583.jpg,336.0,247.0,352.0,274.0,fractured
/home/saeid/MP/Project/FracAtlas/all_images/IMG0002317.jpg,1182.0,1337.0,1317.0,1521.0,fractured
/home/saeid/MP/Project/FracAtlas/all_images/IMG0002578.jpg,82.0,200.0,115.0,215.0,fractured
/home/saeid/MP/Project/FracAtlas/all_images/IMG0002578.jpg,296.0,243.0,331.0,259.0,fractured
/home/saeid/MP/Project/FracAtlas/all_images/IMG0002504.jpg,66.0,199.0,97.0,235.0,fractured
/home/saeid/MP/Project/FracAtlas/all_images/IMG0000058.jpg,1189.0,1349.0,1285.0,1511.0,fractured
/home/saeid/MP/Project/FracAtlas/all_images/IMG0003077.jpg,159.0,398.0,176.0,426.0,fractured
/home/saeid/MP/Project/FracAtlas/all_images/IMG0001640.jpg,171.0,171.0,202.0,216.0,fractured
/home/saeid/MP/Project/FracAtlas/all_images/IMG0002987.jpg,220.0,203.0,243.0,221.0,fractured
/home/saeid/MP/Project/FracAtlas/all_images/IMG0002652.jpg,148.0,160.0,188.0,214.0,fractured
/home/saeid/MP/Project/FracAtlas/all_images/IMG0002361.jpg,1234.0,754.0,1435.0,849.0,fractured
/home/saeid/MP/Project/FracAtlas/all_images/IMG0002458.jpg,165.0,270.0,187.0,326.0,fractured
/home/saeid/MP/Project/FracAtlas/all_images/IMG0002458.jpg,191.0,251.0,224.0,293.0,fractured
/home/saeid/MP/Project/FracAtlas/all_images/IMG0002458.jpg,190.0,203.0,224.0,247.0,fractured
/home/saeid/MP/Project/FracAtlas/all_images/IMG0000480.jpg,176.0,159.0,205.0,239.0,fractured
/home/saeid/MP/Project/FracAtlas/all_images/IMG0002424.jpg,274.0,231.0,298.0,248.0,fractured
/home/saeid/MP/Project/FracAtlas/all_images/IMG0002424.jpg,245.0,242.0,263.0,259.0,fractured
/home/saeid/MP/Project/FracAtlas/all_images/IMG0001870.jpg,218.0,206.0,238.0,265.0,fractured
/home/saeid/MP/Project/FracAtlas/all_images/IMG0002545.jpg,144.0,133.0,219.0,229.0,fractured
/home/saeid/MP/Project/FracAtlas/all_images/IMG0002360.jpg,820.0,1171.0,1000.0,1334.0,fractured
/home/saeid/MP/Project/FracAtlas/all_images/IMG0003213.jpg,202.0,164.0,217.0,188.0,fractured
/home/saeid/MP/Project/FracAtlas/all_images/IMG0002403.jpg,74.0,157.0,99.0,215.0,fractured
/home/saeid/MP/Project/FracAtlas/all_images/IMG0002403.jpg,292.0,177.0,313.0,207.0,fractured
/home/saeid/MP/Project/FracAtlas/all_images/IMG0003021.jpg,167.0,229.0,187.0,249.0,fractured
/home/saeid/MP/Project/FracAtlas/all_images/IMG0001392.jpg,97.0,123.0,131.0,144.0,fractured
/home/saeid/MP/Project/FracAtlas/all_images/IMG0002970.jpg,113.0,199.0,145.0,272.0,fractured
/home/saeid/MP/Project/FracAtlas/all_images/IMG0002105.jpg,180.0,146.0,219.0,179.0,fractured
/home/saeid/MP/Project/FracAtlas/all_images/IMG0002429.jpg,151.0,142.0,180.0,196.0,fractured
/home/saeid/MP/Project/FracAtlas/all_images/IMG0003020.jpg,170.0,272.0,191.0,302.0,fractured
/home/saeid/MP/Project/FracAtlas/all_images/IMG0002611.jpg,207.0,197.0,218.0,271.0,fractured
/home/saeid/MP/Project/FracAtlas/all_images/IMG0002557.jpg,171.0,216.0,189.0,239.0,fractured
/home/saeid/MP/Project/FracAtlas/all_images/IMG0002846.jpg,156.0,152.0,189.0,213.0,fractured
/home/saeid/MP/Project/FracAtlas/all_images/IMG0002847.jpg,177.0,203.0,210.0,250.0,fractured
/home/saeid/MP/Project/FracAtlas/all_images/IMG0002592.jpg,72.0,181.0,88.0,223.0,fractured
/home/saeid/MP/Project/FracAtlas/all_images/IMG0002592.jpg,229.0,179.0,249.0,208.0,fractured
/home/saeid/MP/Project/FracAtlas/all_images/IMG0002704.jpg,206.0,228.0,227.0,247.0,fractured
/home/saeid/MP/Project/FracAtlas/all_images/IMG0000443.jpg,157.0,246.0,177.0,299.0,fractured
/home/saeid/MP/Project/FracAtlas/all_images/IMG0000467.jpg,217.0,107.0,240.0,151.0,fractured
/home/saeid/MP/Project/FracAtlas/all_images/IMG0000467.jpg,246.0,96.0,262.0,132.0,fractured
/home/saeid/MP/Project/FracAtlas/all_images/IMG0002404.jpg,240.0,221.0,265.0,293.0,fractured
/home/saeid/MP/Project/FracAtlas/all_images/IMG0002404.jpg,271.0,278.0,281.0,291.0,fractured
/home/saeid/MP/Project/FracAtlas/all_images/IMG0002549.jpg,47.0,194.0,116.0,220.0,fractured
/home/saeid/MP/Project/FracAtlas/all_images/IMG0002420.jpg,187.0,186.0,218.0,229.0,fractured
/home/saeid/MP/Project/FracAtlas/all_images/IMG0002579.jpg,172.0,112.0,192.0,158.0,fractured
/home/saeid/MP/Project/FracAtlas/all_images/IMG0002605.jpg,230.0,134.0,261.0,168.0,fractured
/home/saeid/MP/Project/FracAtlas/all_images/IMG0002491.jpg,126.0,104.0,144.0,122.0,fractured
/home/saeid/MP/Project/FracAtlas/all_images/IMG0001381.jpg,169.0,209.0,199.0,235.0,fractured
/home/saeid/MP/Project/FracAtlas/all_images/IMG0001026.jpg,177.0,220.0,211.0,246.0,fractured
/home/saeid/MP/Project/FracAtlas/all_images/IMG0000352.jpg,187.0,154.0,223.0,196.0,fractured
/home/saeid/MP/Project/FracAtlas/all_images/IMG0001365.jpg,188.0,91.0,243.0,150.0,fractured
/home/saeid/MP/Project/FracAtlas/all_images/IMG0000804.jpg,180.0,141.0,210.0,163.0,fractured
/home/saeid/MP/Project/FracAtlas/all_images/IMG0003112.jpg,166.0,148.0,195.0,207.0,fractured
/home/saeid/MP/Project/FracAtlas/all_images/IMG0000456.jpg,149.0,214.0,184.0,320.0,fractured
/home/saeid/MP/Project/FracAtlas/all_images/IMG0001025.jpg,146.0,172.0,185.0,204.0,fractured
/home/saeid/MP/Project/FracAtlas/all_images/IMG0002587.jpg,115.0,89.0,129.0,118.0,fractured
/home/saeid/MP/Project/FracAtlas/all_images/IMG0002587.jpg,296.0,312.0,313.0,336.0,fractured
/home/saeid/MP/Project/FracAtlas/all_images/IMG0002402.jpg,65.0,170.0,107.0,198.0,fractured
/home/saeid/MP/Project/FracAtlas/all_images/IMG0002402.jpg,255.0,183.0,288.0,210.0,fractured
/home/saeid/MP/Project/FracAtlas/all_images/IMG0002415.jpg,215.0,248.0,233.0,272.0,fractured
/home/saeid/MP/Project/FracAtlas/all_images/IMG0003234.jpg,200.0,166.0,230.0,181.0,fractured
/home/saeid/MP/Project/FracAtlas/all_images/IMG0001570.jpg,223.0,213.0,250.0,249.0,fractured
/home/saeid/MP/Project/FracAtlas/all_images/IMG0002315.jpg,1192.0,1306.0,1381.0,1386.0,fractured
/home/saeid/MP/Project/FracAtlas/all_images/IMG0002498.jpg,145.0,282.0,159.0,305.0,fractured
/home/saeid/MP/Project/FracAtlas/all_images/IMG0002530.jpg,172.0,135.0,194.0,155.0,fractured
/home/saeid/MP/Project/FracAtlas/all_images/IMG0002569.jpg,255.0,207.0,279.0,221.0,fractured
/home/saeid/MP/Project/FracAtlas/all_images/IMG0002569.jpg,99.0,216.0,115.0,231.0,fractured
/home/saeid/MP/Project/FracAtlas/all_images/IMG0002339.jpg,446.0,972.0,924.0,1074.0,fractured
/home/saeid/MP/Project/FracAtlas/all_images/IMG0002339.jpg,740.0,568.0,1038.0,970.0,fractured
/home/saeid/MP/Project/FracAtlas/all_images/IMG0002746.jpg,301.0,133.0,319.0,158.0,fractured
/home/saeid/MP/Project/FracAtlas/all_images/IMG0002746.jpg,249.0,323.0,275.0,343.0,fractured
/home/saeid/MP/Project/FracAtlas/all_images/IMG0002543.jpg,128.0,113.0,172.0,163.0,fractured
/home/saeid/MP/Project/FracAtlas/all_images/IMG0002572.jpg,29.0,76.0,48.0,129.0,fractured
/home/saeid/MP/Project/FracAtlas/all_images/IMG0002572.jpg,67.0,250.0,79.0,281.0,fractured
/home/saeid/MP/Project/FracAtlas/all_images/IMG0002572.jpg,48.0,209.0,56.0,262.0,fractured
/home/saeid/MP/Project/FracAtlas/all_images/IMG0002572.jpg,252.0,233.0,277.0,264.0,fractured
/home/saeid/MP/Project/FracAtlas/all_images/IMG0002572.jpg,250.0,77.0,264.0,92.0,fractured
/home/saeid/MP/Project/FracAtlas/all_images/IMG0002309.jpg,1144.0,1935.0,1388.0,2151.0,fractured
/home/saeid/MP/Project/FracAtlas/all_images/IMG0002351.jpg,1197.0,1497.0,1331.0,1715.0,fractured
/home/saeid/MP/Project/FracAtlas/all_images/IMG0002363.jpg,1166.0,870.0,1360.0,1022.0,fractured
/home/saeid/MP/Project/FracAtlas/all_images/IMG0003132.jpg,172.0,142.0,196.0,171.0,fractured
/home/saeid/MP/Project/FracAtlas/all_images/IMG0002366.jpg,316.0,1902.0,856.0,2470.0,fractured
/home/saeid/MP/Project/FracAtlas/all_images/IMG0003070.jpg,201.0,146.0,223.0,175.0,fractured
/home/saeid/MP/Project/FracAtlas/all_images/IMG0002356.jpg,1213.0,1102.0,1440.0,1280.0,fractured
/home/saeid/MP/Project/FracAtlas/all_images/IMG0002600.jpg,178.0,189.0,220.0,215.0,fractured
/home/saeid/MP/Project/FracAtlas/all_images/IMG0002507.jpg,181.0,219.0,208.0,334.0,fractured
/home/saeid/MP/Project/FracAtlas/all_images/IMG0002564.jpg,92.0,237.0,125.0,261.0,fractured
/home/saeid/MP/Project/FracAtlas/all_images/IMG0002564.jpg,277.0,141.0,295.0,160.0,fractured
/home/saeid/MP/Project/FracAtlas/all_images/IMG0002364.jpg,1296.0,901.0,1500.0,1043.0,fractured
/home/saeid/MP/Project/FracAtlas/all_images/IMG0002591.jpg,86.0,198.0,130.0,236.0,fractured
/home/saeid/MP/Project/FracAtlas/all_images/IMG0002591.jpg,264.0,236.0,298.0,271.0,fractured
/home/saeid/MP/Project/FracAtlas/all_images/IMG0002591.jpg,81.0,168.0,95.0,183.0,fractured
/home/saeid/MP/Project/FracAtlas/all_images/IMG0002591.jpg,317.0,203.0,329.0,221.0,fractured
/home/saeid/MP/Project/FracAtlas/all_images/IMG0002432.jpg,57.0,289.0,102.0,308.0,fractured
/home/saeid/MP/Project/FracAtlas/all_images/IMG0002432.jpg,280.0,276.0,314.0,308.0,fractured
/home/saeid/MP/Project/FracAtlas/all_images/IMG0002324.jpg,1528.0,1580.0,1665.0,1765.0,fractured
/home/saeid/MP/Project/FracAtlas/all_images/IMG0002302.jpg,1469.0,1055.0,1736.0,1379.0,fractured
/home/saeid/MP/Project/FracAtlas/all_images/IMG0002437.jpg,158.0,223.0,172.0,268.0,fractured
/home/saeid/MP/Project/FracAtlas/all_images/IMG0002553.jpg,268.0,95.0,289.0,121.0,fractured
/home/saeid/MP/Project/FracAtlas/all_images/IMG0002737.jpg,172.0,166.0,196.0,189.0,fractured
/home/saeid/MP/Project/FracAtlas/all_images/IMG0001147.jpg,176.0,150.0,211.0,173.0,fractured
/home/saeid/MP/Project/FracAtlas/all_images/IMG0002476.jpg,160.0,171.0,204.0,285.0,fractured
/home/saeid/MP/Project/FracAtlas/all_images/IMG0002476.jpg,197.0,246.0,217.0,306.0,fractured
/home/saeid/MP/Project/FracAtlas/all_images/IMG0002305.jpg,995.0,792.0,1279.0,1008.0,fractured
/home/saeid/MP/Project/FracAtlas/all_images/IMG0002347.jpg,910.0,1133.0,1024.0,1322.0,fractured
/home/saeid/MP/Project/FracAtlas/all_images/IMG0001362.jpg,204.0,128.0,246.0,180.0,fractured
/home/saeid/MP/Project/FracAtlas/all_images/IMG0001411.jpg,172.0,140.0,207.0,174.0,fractured
/home/saeid/MP/Project/FracAtlas/all_images/IMG0002980.jpg,166.0,112.0,183.0,125.0,fractured
/home/saeid/MP/Project/FracAtlas/all_images/IMG0002594.jpg,274.0,205.0,285.0,223.0,fractured
/home/saeid/MP/Project/FracAtlas/all_images/IMG0003172.jpg,163.0,197.0,182.0,224.0,fractured
/home/saeid/MP/Project/FracAtlas/all_images/IMG0001494.jpg,161.0,165.0,208.0,201.0,fractured
/home/saeid/MP/Project/FracAtlas/all_images/IMG0002470.jpg,132.0,276.0,163.0,305.0,fractured
/home/saeid/MP/Project/FracAtlas/all_images/IMG0001933.jpg,183.0,181.0,211.0,201.0,fractured
/home/saeid/MP/Project/FracAtlas/all_images/IMG0002588.jpg,68.0,105.0,86.0,127.0,fractured
/home/saeid/MP/Project/FracAtlas/all_images/IMG0002588.jpg,93.0,113.0,127.0,152.0,fractured
/home/saeid/MP/Project/FracAtlas/all_images/IMG0002496.jpg,150.0,158.0,163.0,176.0,fractured
/home/saeid/MP/Project/FracAtlas/all_images/IMG0002468.jpg,136.0,136.0,170.0,153.0,fractured
/home/saeid/MP/Project/FracAtlas/all_images/IMG0000155.jpg,491.0,1043.0,612.0,1166.0,fractured
/home/saeid/MP/Project/FracAtlas/all_images/IMG0003121.jpg,219.0,102.0,232.0,141.0,fractured
/home/saeid/MP/Project/FracAtlas/all_images/IMG0001762.jpg,145.0,169.0,156.0,190.0,fractured
/home/saeid/MP/Project/FracAtlas/all_images/IMG0002585.jpg,51.0,181.0,82.0,199.0,fractured
/home/saeid/MP/Project/FracAtlas/all_images/IMG0002585.jpg,249.0,165.0,274.0,188.0,fractured
/home/saeid/MP/Project/FracAtlas/all_images/IMG0000059.jpg,1182.0,943.0,1308.0,1021.0,fractured
/home/saeid/MP/Project/FracAtlas/all_images/IMG0002668.jpg,229.0,344.0,246.0,361.0,fractured
/home/saeid/MP/Project/FracAtlas/all_images/IMG0002570.jpg,53.0,259.0,79.0,308.0,fractured
/home/saeid/MP/Project/FracAtlas/all_images/IMG0002570.jpg,67.0,245.0,90.0,277.0,fractured
/home/saeid/MP/Project/FracAtlas/all_images/IMG0002570.jpg,264.0,236.0,296.0,300.0,fractured
/home/saeid/MP/Project/FracAtlas/all_images/IMG0002570.jpg,295.0,287.0,309.0,312.0,fractured
/home/saeid/MP/Project/FracAtlas/all_images/IMG0002417.jpg,163.0,224.0,183.0,242.0,fractured
/home/saeid/MP/Project/FracAtlas/all_images/IMG0002417.jpg,186.0,160.0,217.0,240.0,fractured
/home/saeid/MP/Project/FracAtlas/all_images/IMG0002465.jpg,159.0,94.0,170.0,113.0,fractured
/home/saeid/MP/Project/FracAtlas/all_images/IMG0000776.jpg,167.0,79.0,215.0,169.0,fractured
/home/saeid/MP/Project/FracAtlas/all_images/IMG0002483.jpg,178.0,148.0,193.0,167.0,fractured
/home/saeid/MP/Project/FracAtlas/all_images/IMG0002483.jpg,196.0,150.0,215.0,170.0,fractured
/home/saeid/MP/Project/FracAtlas/all_images/IMG0002320.jpg,1182.0,1739.0,1331.0,2106.0,fractured
/home/saeid/MP/Project/FracAtlas/all_images/IMG0002303.jpg,1071.0,825.0,1303.0,1012.0,fractured
/home/saeid/MP/Project/FracAtlas/all_images/IMG0001123.jpg,67.0,84.0,110.0,114.0,fractured
/home/saeid/MP/Project/FracAtlas/all_images/IMG0001123.jpg,47.0,94.0,73.0,120.0,fractured
/home/saeid/MP/Project/FracAtlas/all_images/IMG0002484.jpg,201.0,170.0,220.0,192.0,fractured
/home/saeid/MP/Project/FracAtlas/all_images/IMG0002484.jpg,218.0,172.0,237.0,192.0,fractured
/home/saeid/MP/Project/FracAtlas/all_images/IMG0002463.jpg,79.0,68.0,105.0,83.0,fractured
/home/saeid/MP/Project/FracAtlas/all_images/IMG0002463.jpg,292.0,107.0,316.0,127.0,fractured
/home/saeid/MP/Project/FracAtlas/all_images/IMG0003184.jpg,113.0,140.0,135.0,154.0,fractured
/home/saeid/MP/Project/FracAtlas/all_images/IMG0002567.jpg,73.0,134.0,87.0,170.0,fractured
/home/saeid/MP/Project/FracAtlas/all_images/IMG0002567.jpg,95.0,101.0,103.0,129.0,fractured
/home/saeid/MP/Project/FracAtlas/all_images/IMG0002567.jpg,349.0,349.0,357.0,366.0,fractured
/home/saeid/MP/Project/FracAtlas/all_images/IMG0002426.jpg,226.0,171.0,243.0,188.0,fractured
/home/saeid/MP/Project/FracAtlas/all_images/IMG0002573.jpg,107.0,175.0,123.0,191.0,fractured
/home/saeid/MP/Project/FracAtlas/all_images/IMG0002573.jpg,303.0,160.0,317.0,180.0,fractured
/home/saeid/MP/Project/FracAtlas/all_images/IMG0002410.jpg,78.0,156.0,102.0,195.0,fractured
/home/saeid/MP/Project/FracAtlas/all_images/IMG0002410.jpg,258.0,154.0,292.0,192.0,fractured
/home/saeid/MP/Project/FracAtlas/all_images/IMG0003000.jpg,279.0,228.0,297.0,245.0,fractured
/home/saeid/MP/Project/FracAtlas/all_images/IMG0002428.jpg,155.0,104.0,192.0,184.0,fractured
/home/saeid/MP/Project/FracAtlas/all_images/IMG0000189.jpg,840.0,1575.0,935.0,1656.0,fractured
/home/saeid/MP/Project/FracAtlas/all_images/IMG0001571.jpg,215.0,177.0,236.0,215.0,fractured
/home/saeid/MP/Project/FracAtlas/all_images/IMG0002517.jpg,92.0,136.0,120.0,172.0,fractured
/home/saeid/MP/Project/FracAtlas/all_images/IMG0002466.jpg,352.0,102.0,369.0,148.0,fractured
/home/saeid/MP/Project/FracAtlas/all_images/IMG0002527.jpg,181.0,267.0,214.0,308.0,fractured
/home/saeid/MP/Project/FracAtlas/all_images/IMG0002353.jpg,1376.0,1306.0,1596.0,1493.0,fractured
/home/saeid/MP/Project/FracAtlas/all_images/IMG0002341.jpg,0.0,1251.0,397.0,1798.0,fractured
/home/saeid/MP/Project/FracAtlas/all_images/IMG0002971.jpg,192.0,217.0,262.0,265.0,fractured
/home/saeid/MP/Project/FracAtlas/all_images/IMG0000019.jpg,1242.0,929.0,1515.0,1076.0,fractured
/home/saeid/MP/Project/FracAtlas/all_images/IMG0002462.jpg,142.0,193.0,160.0,214.0,fractured
/home/saeid/MP/Project/FracAtlas/all_images/IMG0001964.jpg,182.0,83.0,239.0,127.0,fractured
/home/saeid/MP/Project/FracAtlas/all_images/IMG0002431.jpg,165.0,204.0,196.0,224.0,fractured
/home/saeid/MP/Project/FracAtlas/all_images/IMG0002540.jpg,77.0,99.0,134.0,149.0,fractured
/home/saeid/MP/Project/FracAtlas/all_images/IMG0000466.jpg,185.0,123.0,205.0,159.0,fractured
/home/saeid/MP/Project/FracAtlas/all_images/IMG0000466.jpg,215.0,116.0,228.0,150.0,fractured
/home/saeid/MP/Project/FracAtlas/all_images/IMG0001192.jpg,90.0,289.0,122.0,329.0,fractured
/home/saeid/MP/Project/FracAtlas/all_images/IMG0001805.jpg,170.0,163.0,181.0,178.0,fractured
/home/saeid/MP/Project/FracAtlas/all_images/IMG0003165.jpg,196.0,147.0,219.0,164.0,fractured
/home/saeid/MP/Project/FracAtlas/all_images/IMG0001965.jpg,193.0,86.0,240.0,123.0,fractured
/home/saeid/MP/Project/FracAtlas/all_images/IMG0002036.jpg,180.0,70.0,215.0,170.0,fractured
/home/saeid/MP/Project/FracAtlas/all_images/IMG0002036.jpg,215.0,122.0,224.0,184.0,fractured
/home/saeid/MP/Project/FracAtlas/all_images/IMG0002372.jpg,648.0,2001.0,915.0,2215.0,fractured
/home/saeid/MP/Project/FracAtlas/all_images/IMG0002603.jpg,201.0,97.0,212.0,131.0,fractured
/home/saeid/MP/Project/FracAtlas/all_images/IMG0001760.jpg,136.0,181.0,171.0,224.0,fractured
/home/saeid/MP/Project/FracAtlas/all_images/IMG0001760.jpg,140.0,223.0,179.0,256.0,fractured
/home/saeid/MP/Project/FracAtlas/all_images/IMG0002449.jpg,163.0,189.0,180.0,208.0,fractured
/home/saeid/MP/Project/FracAtlas/all_images/IMG0002526.jpg,173.0,263.0,192.0,303.0,fractured
/home/saeid/MP/Project/FracAtlas/all_images/IMG0002526.jpg,191.0,245.0,228.0,290.0,fractured
/home/saeid/MP/Project/FracAtlas/all_images/IMG0002526.jpg,195.0,178.0,230.0,241.0,fractured
/home/saeid/MP/Project/FracAtlas/all_images/IMG0000156.jpg,648.0,1090.0,782.0,1176.0,fractured
/home/saeid/MP/Project/FracAtlas/all_images/IMG0001572.jpg,210.0,178.0,235.0,210.0,fractured
/home/saeid/MP/Project/FracAtlas/all_images/IMG0002354.jpg,1156.0,1332.0,1355.0,1486.0,fractured
/home/saeid/MP/Project/FracAtlas/all_images/IMG0001774.jpg,254.0,207.0,299.0,302.0,fractured
/home/saeid/MP/Project/FracAtlas/all_images/IMG0002440.jpg,182.0,201.0,205.0,224.0,fractured
/home/saeid/MP/Project/FracAtlas/all_images/IMG0002440.jpg,165.0,258.0,195.0,289.0,fractured
/home/saeid/MP/Project/FracAtlas/all_images/IMG0002701.jpg,346.0,191.0,399.0,276.0,fractured
/home/saeid/MP/Project/FracAtlas/all_images/IMG0002608.jpg,126.0,162.0,179.0,267.0,fractured
/home/saeid/MP/Project/FracAtlas/all_images/IMG0002595.jpg,279.0,211.0,303.0,282.0,fractured
/home/saeid/MP/Project/FracAtlas/all_images/IMG0002595.jpg,311.0,263.0,319.0,279.0,fractured
/home/saeid/MP/Project/FracAtlas/all_images/IMG0001391.jpg,136.0,131.0,181.0,160.0,fractured
/home/saeid/MP/Project/FracAtlas/all_images/IMG0001970.jpg,205.0,165.0,213.0,215.0,fractured
/home/saeid/MP/Project/FracAtlas/all_images/IMG0001441.jpg,149.0,211.0,180.0,237.0,fractured
/home/saeid/MP/Project/FracAtlas/all_images/IMG0000454.jpg,187.0,224.0,228.0,283.0,fractured
/home/saeid/MP/Project/FracAtlas/all_images/IMG0001980.jpg,150.0,205.0,177.0,236.0,fractured
/home/saeid/MP/Project/FracAtlas/all_images/IMG0002265.jpg,55.0,186.0,77.0,212.0,fractured
/home/saeid/MP/Project/FracAtlas/all_images/IMG0002265.jpg,296.0,180.0,315.0,206.0,fractured
/home/saeid/MP/Project/FracAtlas/all_images/IMG0002473.jpg,168.0,212.0,186.0,236.0,fractured
/home/saeid/MP/Project/FracAtlas/all_images/IMG0002473.jpg,186.0,179.0,220.0,199.0,fractured
/home/saeid/MP/Project/FracAtlas/all_images/IMG0002541.jpg,76.0,138.0,118.0,181.0,fractured
/home/saeid/MP/Project/FracAtlas/all_images/IMG0002622.jpg,162.0,132.0,217.0,168.0,fractured
/home/saeid/MP/Project/FracAtlas/all_images/IMG0002559.jpg,227.0,252.0,259.0,304.0,fractured
/home/saeid/MP/Project/FracAtlas/all_images/IMG0002565.jpg,74.0,216.0,105.0,262.0,fractured
/home/saeid/MP/Project/FracAtlas/all_images/IMG0002565.jpg,290.0,203.0,317.0,224.0,fractured
/home/saeid/MP/Project/FracAtlas/all_images/IMG0002086.jpg,246.0,242.0,256.0,271.0,fractured
/home/saeid/MP/Project/FracAtlas/all_images/IMG0002086.jpg,231.0,249.0,243.0,267.0,fractured
/home/saeid/MP/Project/FracAtlas/all_images/IMG0002355.jpg,1012.0,1282.0,1277.0,1452.0,fractured
/home/saeid/MP/Project/FracAtlas/all_images/IMG0001578.jpg,235.0,191.0,267.0,226.0,fractured
/home/saeid/MP/Project/FracAtlas/all_images/IMG0002532.jpg,139.0,268.0,158.0,291.0,fractured
/home/saeid/MP/Project/FracAtlas/all_images/IMG0002020.jpg,152.0,176.0,183.0,199.0,fractured
/home/saeid/MP/Project/FracAtlas/all_images/IMG0002750.jpg,135.0,139.0,170.0,229.0,fractured
/home/saeid/MP/Project/FracAtlas/all_images/IMG0002369.jpg,607.0,399.0,1078.0,894.0,fractured
/home/saeid/MP/Project/FracAtlas/all_images/IMG0002621.jpg,99.0,159.0,146.0,211.0,fractured
/home/saeid/MP/Project/FracAtlas/all_images/IMG0002377.jpg,1386.0,1348.0,1450.0,1426.0,fractured
/home/saeid/MP/Project/FracAtlas/all_images/IMG0001868.jpg,199.0,243.0,219.0,283.0,fractured
/home/saeid/MP/Project/FracAtlas/all_images/IMG0002430.jpg,208.0,215.0,235.0,232.0,fractured
